feature,reason
layered_bit_0020,low_variance
layered_bit_0039,low_variance
layered_bit_0048,low_variance
layered_bit_0080,low_variance
layered_bit_0177,low_variance
layered_bit_0199,low_variance
layered_bit_0203,low_variance
layered_bit_0216,low_variance
layered_bit_0318,low_variance
layered_bit_0333,low_variance
layered_bit_0354,low_variance
layered_bit_0360,low_variance
layered_bit_0370,low_variance
layered_bit_0429,low_variance
layered_bit_0446,low_variance
layered_bit_0460,low_variance
layered_bit_0480,low_variance
layered_bit_0486,low_variance
layered_bit_0511,low_variance
layered_bit_0610,low_variance
layered_bit_0633,low_variance
layered_bit_0644,low_variance
layered_bit_0648,low_variance
layered_bit_0674,low_variance
layered_bit_0726,low_variance
layered_bit_0759,low_variance
layered_bit_0807,low_variance
layered_bit_0813,low_variance
layered_bit_0841,low_variance
layered_bit_0867,low_variance
layered_bit_0955,low_variance
layered_bit_0961,low_variance
layered_bit_0993,low_variance
atom_pair_bit_0015,low_variance
atom_pair_bit_0079,low_variance
atom_pair_bit_0083,low_variance
atom_pair_bit_0091,low_variance
atom_pair_bit_0123,low_variance
atom_pair_bit_0131,low_variance
atom_pair_bit_0135,low_variance
atom_pair_bit_0151,low_variance
atom_pair_bit_0155,low_variance
atom_pair_bit_0179,low_variance
atom_pair_bit_0215,low_variance
atom_pair_bit_0251,low_variance
atom_pair_bit_0267,low_variance
atom_pair_bit_0275,low_variance
atom_pair_bit_0283,low_variance
atom_pair_bit_0331,low_variance
atom_pair_bit_0339,low_variance
atom_pair_bit_0383,low_variance
atom_pair_bit_0391,low_variance
atom_pair_bit_0395,low_variance
atom_pair_bit_0415,low_variance
atom_pair_bit_0439,low_variance
atom_pair_bit_0443,low_variance
atom_pair_bit_0447,low_variance
atom_pair_bit_0455,low_variance
atom_pair_bit_0459,low_variance
atom_pair_bit_0467,low_variance
atom_pair_bit_0491,low_variance
atom_pair_bit_0495,low_variance
atom_pair_bit_0507,low_variance
atom_pair_bit_0519,low_variance
atom_pair_bit_0575,low_variance
atom_pair_bit_0603,low_variance
atom_pair_bit_0615,low_variance
atom_pair_bit_0635,low_variance
atom_pair_bit_0639,low_variance
atom_pair_bit_0651,low_variance
atom_pair_bit_0655,low_variance
atom_pair_bit_0659,low_variance
atom_pair_bit_0663,low_variance
atom_pair_bit_0691,low_variance
atom_pair_bit_0699,low_variance
atom_pair_bit_0703,low_variance
atom_pair_bit_0735,low_variance
atom_pair_bit_0751,low_variance
atom_pair_bit_0795,low_variance
atom_pair_bit_0827,low_variance
atom_pair_bit_0839,low_variance
atom_pair_bit_0851,low_variance
atom_pair_bit_0863,low_variance
atom_pair_bit_0899,low_variance
atom_pair_bit_0911,low_variance
atom_pair_bit_0931,low_variance
atom_pair_bit_0947,low_variance
atom_pair_bit_0951,low_variance
atom_pair_bit_0959,low_variance
atom_pair_bit_0963,low_variance
atom_pair_bit_0975,low_variance
atom_pair_bit_0999,low_variance
atom_pair_bit_1003,low_variance
atom_pair_bit_1011,low_variance
atom_pair_bit_1015,low_variance
topological_torsion_bit_0003,low_variance
topological_torsion_bit_0006,low_variance
topological_torsion_bit_0007,low_variance
topological_torsion_bit_0010,low_variance
topological_torsion_bit_0011,low_variance
topological_torsion_bit_0015,low_variance
topological_torsion_bit_0018,low_variance
topological_torsion_bit_0019,low_variance
topological_torsion_bit_0022,low_variance
topological_torsion_bit_0023,low_variance
topological_torsion_bit_0027,low_variance
topological_torsion_bit_0031,low_variance
topological_torsion_bit_0034,low_variance
topological_torsion_bit_0035,low_variance
topological_torsion_bit_0038,low_variance
topological_torsion_bit_0039,low_variance
topological_torsion_bit_0042,low_variance
topological_torsion_bit_0043,low_variance
topological_torsion_bit_0045,low_variance
topological_torsion_bit_0046,low_variance
topological_torsion_bit_0047,low_variance
topological_torsion_bit_0051,low_variance
topological_torsion_bit_0053,low_variance
topological_torsion_bit_0054,low_variance
topological_torsion_bit_0055,low_variance
topological_torsion_bit_0057,low_variance
topological_torsion_bit_0058,low_variance
topological_torsion_bit_0059,low_variance
topological_torsion_bit_0061,low_variance
topological_torsion_bit_0062,low_variance
topological_torsion_bit_0063,low_variance
topological_torsion_bit_0065,low_variance
topological_torsion_bit_0066,low_variance
topological_torsion_bit_0067,low_variance
topological_torsion_bit_0071,low_variance
topological_torsion_bit_0074,low_variance
topological_torsion_bit_0075,low_variance
topological_torsion_bit_0078,low_variance
topological_torsion_bit_0079,low_variance
topological_torsion_bit_0082,low_variance
topological_torsion_bit_0083,low_variance
topological_torsion_bit_0087,low_variance
topological_torsion_bit_0091,low_variance
topological_torsion_bit_0095,low_variance
topological_torsion_bit_0098,low_variance
topological_torsion_bit_0099,low_variance
topological_torsion_bit_0102,low_variance
topological_torsion_bit_0103,low_variance
topological_torsion_bit_0106,low_variance
topological_torsion_bit_0107,low_variance
topological_torsion_bit_0110,low_variance
topological_torsion_bit_0111,low_variance
topological_torsion_bit_0115,low_variance
topological_torsion_bit_0119,low_variance
topological_torsion_bit_0122,low_variance
topological_torsion_bit_0123,low_variance
topological_torsion_bit_0127,low_variance
topological_torsion_bit_0131,low_variance
topological_torsion_bit_0134,low_variance
topological_torsion_bit_0135,low_variance
topological_torsion_bit_0138,low_variance
topological_torsion_bit_0139,low_variance
topological_torsion_bit_0142,low_variance
topological_torsion_bit_0143,low_variance
topological_torsion_bit_0147,low_variance
topological_torsion_bit_0151,low_variance
topological_torsion_bit_0154,low_variance
topological_torsion_bit_0155,low_variance
topological_torsion_bit_0159,low_variance
topological_torsion_bit_0161,low_variance
topological_torsion_bit_0162,low_variance
topological_torsion_bit_0163,low_variance
topological_torsion_bit_0170,low_variance
topological_torsion_bit_0171,low_variance
topological_torsion_bit_0174,low_variance
topological_torsion_bit_0175,low_variance
topological_torsion_bit_0182,low_variance
topological_torsion_bit_0183,low_variance
topological_torsion_bit_0187,low_variance
topological_torsion_bit_0190,low_variance
topological_torsion_bit_0191,low_variance
topological_torsion_bit_0195,low_variance
topological_torsion_bit_0198,low_variance
topological_torsion_bit_0199,low_variance
topological_torsion_bit_0202,low_variance
topological_torsion_bit_0203,low_variance
topological_torsion_bit_0206,low_variance
topological_torsion_bit_0207,low_variance
topological_torsion_bit_0210,low_variance
topological_torsion_bit_0211,low_variance
topological_torsion_bit_0215,low_variance
topological_torsion_bit_0219,low_variance
topological_torsion_bit_0226,low_variance
topological_torsion_bit_0227,low_variance
topological_torsion_bit_0230,low_variance
topological_torsion_bit_0231,low_variance
topological_torsion_bit_0234,low_variance
topological_torsion_bit_0235,low_variance
topological_torsion_bit_0238,low_variance
topological_torsion_bit_0239,low_variance
topological_torsion_bit_0242,low_variance
topological_torsion_bit_0243,low_variance
topological_torsion_bit_0247,low_variance
topological_torsion_bit_0251,low_variance
topological_torsion_bit_0254,low_variance
topological_torsion_bit_0255,low_variance
topological_torsion_bit_0258,low_variance
topological_torsion_bit_0259,low_variance
topological_torsion_bit_0263,low_variance
topological_torsion_bit_0267,low_variance
topological_torsion_bit_0271,low_variance
topological_torsion_bit_0275,low_variance
topological_torsion_bit_0279,low_variance
topological_torsion_bit_0283,low_variance
topological_torsion_bit_0291,low_variance
topological_torsion_bit_0295,low_variance
topological_torsion_bit_0298,low_variance
topological_torsion_bit_0299,low_variance
topological_torsion_bit_0303,low_variance
topological_torsion_bit_0307,low_variance
topological_torsion_bit_0310,low_variance
topological_torsion_bit_0311,low_variance
topological_torsion_bit_0318,low_variance
topological_torsion_bit_0319,low_variance
topological_torsion_bit_0323,low_variance
topological_torsion_bit_0326,low_variance
topological_torsion_bit_0327,low_variance
topological_torsion_bit_0331,low_variance
topological_torsion_bit_0335,low_variance
topological_torsion_bit_0339,low_variance
topological_torsion_bit_0343,low_variance
topological_torsion_bit_0346,low_variance
topological_torsion_bit_0347,low_variance
topological_torsion_bit_0351,low_variance
topological_torsion_bit_0354,low_variance
topological_torsion_bit_0355,low_variance
topological_torsion_bit_0358,low_variance
topological_torsion_bit_0359,low_variance
topological_torsion_bit_0362,low_variance
topological_torsion_bit_0363,low_variance
topological_torsion_bit_0366,low_variance
topological_torsion_bit_0367,low_variance
topological_torsion_bit_0371,low_variance
topological_torsion_bit_0375,low_variance
topological_torsion_bit_0386,low_variance
topological_torsion_bit_0387,low_variance
topological_torsion_bit_0391,low_variance
topological_torsion_bit_0395,low_variance
topological_torsion_bit_0399,low_variance
topological_torsion_bit_0402,low_variance
topological_torsion_bit_0403,low_variance
topological_torsion_bit_0406,low_variance
topological_torsion_bit_0407,low_variance
topological_torsion_bit_0415,low_variance
topological_torsion_bit_0418,low_variance
topological_torsion_bit_0419,low_variance
topological_torsion_bit_0422,low_variance
topological_torsion_bit_0423,low_variance
topological_torsion_bit_0427,low_variance
topological_torsion_bit_0430,low_variance
topological_torsion_bit_0431,low_variance
topological_torsion_bit_0435,low_variance
topological_torsion_bit_0438,low_variance
topological_torsion_bit_0439,low_variance
topological_torsion_bit_0443,low_variance
topological_torsion_bit_0447,low_variance
topological_torsion_bit_0451,low_variance
topological_torsion_bit_0459,low_variance
topological_torsion_bit_0463,low_variance
topological_torsion_bit_0467,low_variance
topological_torsion_bit_0471,low_variance
topological_torsion_bit_0474,low_variance
topological_torsion_bit_0475,low_variance
topological_torsion_bit_0479,low_variance
topological_torsion_bit_0482,low_variance
topological_torsion_bit_0483,low_variance
topological_torsion_bit_0487,low_variance
topological_torsion_bit_0491,low_variance
topological_torsion_bit_0494,low_variance
topological_torsion_bit_0495,low_variance
topological_torsion_bit_0499,low_variance
topological_torsion_bit_0502,low_variance
topological_torsion_bit_0503,low_variance
topological_torsion_bit_0507,low_variance
topological_torsion_bit_0515,low_variance
topological_torsion_bit_0519,low_variance
topological_torsion_bit_0527,low_variance
topological_torsion_bit_0535,low_variance
topological_torsion_bit_0543,low_variance
topological_torsion_bit_0546,low_variance
topological_torsion_bit_0547,low_variance
topological_torsion_bit_0551,low_variance
topological_torsion_bit_0555,low_variance
topological_torsion_bit_0559,low_variance
topological_torsion_bit_0562,low_variance
topological_torsion_bit_0563,low_variance
topological_torsion_bit_0567,low_variance
topological_torsion_bit_0570,low_variance
topological_torsion_bit_0571,low_variance
topological_torsion_bit_0575,low_variance
topological_torsion_bit_0579,low_variance
topological_torsion_bit_0583,low_variance
topological_torsion_bit_0591,low_variance
topological_torsion_bit_0595,low_variance
topological_torsion_bit_0599,low_variance
topological_torsion_bit_0602,low_variance
topological_torsion_bit_0603,low_variance
topological_torsion_bit_0606,low_variance
topological_torsion_bit_0607,low_variance
topological_torsion_bit_0611,low_variance
topological_torsion_bit_0619,low_variance
topological_torsion_bit_0623,low_variance
topological_torsion_bit_0626,low_variance
topological_torsion_bit_0627,low_variance
topological_torsion_bit_0631,low_variance
topological_torsion_bit_0639,low_variance
topological_torsion_bit_0643,low_variance
topological_torsion_bit_0646,low_variance
topological_torsion_bit_0647,low_variance
topological_torsion_bit_0651,low_variance
topological_torsion_bit_0658,low_variance
topological_torsion_bit_0659,low_variance
topological_torsion_bit_0663,low_variance
topological_torsion_bit_0667,low_variance
topological_torsion_bit_0671,low_variance
topological_torsion_bit_0675,low_variance
topological_torsion_bit_0679,low_variance
topological_torsion_bit_0682,low_variance
topological_torsion_bit_0683,low_variance
topological_torsion_bit_0687,low_variance
topological_torsion_bit_0699,low_variance
topological_torsion_bit_0702,low_variance
topological_torsion_bit_0703,low_variance
topological_torsion_bit_0707,low_variance
topological_torsion_bit_0711,low_variance
topological_torsion_bit_0714,low_variance
topological_torsion_bit_0715,low_variance
topological_torsion_bit_0718,low_variance
topological_torsion_bit_0719,low_variance
topological_torsion_bit_0723,low_variance
topological_torsion_bit_0727,low_variance
topological_torsion_bit_0731,low_variance
topological_torsion_bit_0739,low_variance
topological_torsion_bit_0743,low_variance
topological_torsion_bit_0751,low_variance
topological_torsion_bit_0754,low_variance
topological_torsion_bit_0755,low_variance
topological_torsion_bit_0758,low_variance
topological_torsion_bit_0759,low_variance
topological_torsion_bit_0767,low_variance
topological_torsion_bit_0770,low_variance
topological_torsion_bit_0771,low_variance
topological_torsion_bit_0774,low_variance
topological_torsion_bit_0775,low_variance
topological_torsion_bit_0779,low_variance
topological_torsion_bit_0782,low_variance
topological_torsion_bit_0783,low_variance
topological_torsion_bit_0786,low_variance
topological_torsion_bit_0787,low_variance
topological_torsion_bit_0794,low_variance
topological_torsion_bit_0795,low_variance
topological_torsion_bit_0798,low_variance
topological_torsion_bit_0799,low_variance
topological_torsion_bit_0803,low_variance
topological_torsion_bit_0806,low_variance
topological_torsion_bit_0807,low_variance
topological_torsion_bit_0810,low_variance
topological_torsion_bit_0811,low_variance
topological_torsion_bit_0814,low_variance
topological_torsion_bit_0815,low_variance
topological_torsion_bit_0823,low_variance
topological_torsion_bit_0827,low_variance
topological_torsion_bit_0831,low_variance
topological_torsion_bit_0834,low_variance
topological_torsion_bit_0835,low_variance
topological_torsion_bit_0838,low_variance
topological_torsion_bit_0839,low_variance
topological_torsion_bit_0842,low_variance
topological_torsion_bit_0843,low_variance
topological_torsion_bit_0847,low_variance
topological_torsion_bit_0851,low_variance
topological_torsion_bit_0858,low_variance
topological_torsion_bit_0859,low_variance
topological_torsion_bit_0862,low_variance
topological_torsion_bit_0863,low_variance
topological_torsion_bit_0866,low_variance
topological_torsion_bit_0867,low_variance
topological_torsion_bit_0871,low_variance
topological_torsion_bit_0875,low_variance
topological_torsion_bit_0879,low_variance
topological_torsion_bit_0882,low_variance
topological_torsion_bit_0883,low_variance
topological_torsion_bit_0886,low_variance
topological_torsion_bit_0887,low_variance
topological_torsion_bit_0891,low_variance
topological_torsion_bit_0893,low_variance
topological_torsion_bit_0894,low_variance
topological_torsion_bit_0895,low_variance
topological_torsion_bit_0899,low_variance
topological_torsion_bit_0903,low_variance
topological_torsion_bit_0911,low_variance
topological_torsion_bit_0918,low_variance
topological_torsion_bit_0919,low_variance
topological_torsion_bit_0922,low_variance
topological_torsion_bit_0923,low_variance
topological_torsion_bit_0927,low_variance
topological_torsion_bit_0931,low_variance
topological_torsion_bit_0933,low_variance
topological_torsion_bit_0934,low_variance
topological_torsion_bit_0935,low_variance
topological_torsion_bit_0938,low_variance
topological_torsion_bit_0939,low_variance
topological_torsion_bit_0943,low_variance
topological_torsion_bit_0947,low_variance
topological_torsion_bit_0950,low_variance
topological_torsion_bit_0951,low_variance
topological_torsion_bit_0954,low_variance
topological_torsion_bit_0955,low_variance
topological_torsion_bit_0958,low_variance
topological_torsion_bit_0959,low_variance
topological_torsion_bit_0962,low_variance
topological_torsion_bit_0963,low_variance
topological_torsion_bit_0966,low_variance
topological_torsion_bit_0967,low_variance
topological_torsion_bit_0969,low_variance
topological_torsion_bit_0970,low_variance
topological_torsion_bit_0971,low_variance
topological_torsion_bit_0975,low_variance
topological_torsion_bit_0978,low_variance
topological_torsion_bit_0979,low_variance
topological_torsion_bit_0983,low_variance
topological_torsion_bit_0991,low_variance
topological_torsion_bit_0995,low_variance
topological_torsion_bit_0999,low_variance
topological_torsion_bit_1001,low_variance
topological_torsion_bit_1002,low_variance
topological_torsion_bit_1003,low_variance
topological_torsion_bit_1007,low_variance
topological_torsion_bit_1010,low_variance
topological_torsion_bit_1011,low_variance
topological_torsion_bit_1015,low_variance
topological_torsion_bit_1019,low_variance
topological_torsion_bit_1023,low_variance
maccs_bit_000,low_variance
maccs_bit_001,low_variance
maccs_bit_002,low_variance
maccs_bit_003,low_variance
maccs_bit_004,low_variance
maccs_bit_005,low_variance
maccs_bit_006,low_variance
maccs_bit_007,low_variance
maccs_bit_009,low_variance
maccs_bit_010,low_variance
maccs_bit_012,low_variance
maccs_bit_014,low_variance
maccs_bit_015,low_variance
maccs_bit_016,low_variance
maccs_bit_018,low_variance
maccs_bit_020,low_variance
maccs_bit_021,low_variance
maccs_bit_030,low_variance
maccs_bit_031,low_variance
maccs_bit_035,low_variance
maccs_bit_044,low_variance
maccs_bit_161,low_variance
maccs_bit_166,low_variance
rdkit_NumRadicalElectrons,low_variance
rdkit_SMR_VSA8,low_variance
rdkit_SlogP_VSA9,low_variance
rdkit_fr_SH,low_variance
rdkit_fr_azide,low_variance
rdkit_fr_barbitur,low_variance
rdkit_fr_benzodiazepine,low_variance
rdkit_fr_diazo,low_variance
rdkit_fr_dihydropyridine,low_variance
rdkit_fr_epoxide,low_variance
rdkit_fr_isocyan,low_variance
rdkit_fr_isothiocyan,low_variance
rdkit_fr_lactam,low_variance
rdkit_fr_nitroso,low_variance
rdkit_fr_phos_acid,low_variance
rdkit_fr_phos_ester,low_variance
rdkit_fr_quatN,low_variance
rdkit_fr_thiocyan,low_variance
erg_057,low_variance
erg_058,low_variance
erg_059,low_variance
erg_192,low_variance
erg_193,low_variance
erg_194,low_variance
erg_225,low_variance
erg_226,low_variance
erg_227,low_variance
erg_228,low_variance
erg_229,low_variance
erg_230,low_variance
erg_231,low_variance
erg_232,low_variance
erg_233,low_variance
erg_234,low_variance
erg_235,low_variance
erg_236,low_variance
erg_237,low_variance
erg_238,low_variance
erg_239,low_variance
erg_253,low_variance
erg_254,low_variance
maplight_desc_NumRadicalElectrons,low_variance
maplight_desc_SMR_VSA8,low_variance
maplight_desc_SlogP_VSA9,low_variance
maplight_desc_fr_SH,low_variance
maplight_desc_fr_azide,low_variance
maplight_desc_fr_barbitur,low_variance
maplight_desc_fr_benzodiazepine,low_variance
maplight_desc_fr_diazo,low_variance
maplight_desc_fr_dihydropyridine,low_variance
maplight_desc_fr_epoxide,low_variance
maplight_desc_fr_isocyan,low_variance
maplight_desc_fr_isothiocyan,low_variance
maplight_desc_fr_lactam,low_variance
maplight_desc_fr_nitroso,low_variance
maplight_desc_fr_phos_acid,low_variance
maplight_desc_fr_phos_ester,low_variance
maplight_desc_fr_quatN,low_variance
maplight_desc_fr_thiocyan,low_variance
morgan_bit_0016,binary_prevalence
morgan_bit_0028,binary_prevalence
morgan_bit_0048,binary_prevalence
morgan_bit_0070,binary_prevalence
morgan_bit_0111,binary_prevalence
morgan_bit_0137,binary_prevalence
morgan_bit_0199,binary_prevalence
morgan_bit_0229,binary_prevalence
morgan_bit_0253,binary_prevalence
morgan_bit_0306,binary_prevalence
morgan_bit_0331,binary_prevalence
morgan_bit_0340,binary_prevalence
morgan_bit_0397,binary_prevalence
morgan_bit_0414,binary_prevalence
morgan_bit_0601,binary_prevalence
morgan_bit_0627,binary_prevalence
morgan_bit_0636,binary_prevalence
morgan_bit_0648,binary_prevalence
morgan_bit_0670,binary_prevalence
morgan_bit_0685,binary_prevalence
morgan_bit_0746,binary_prevalence
morgan_bit_0748,binary_prevalence
morgan_bit_0752,binary_prevalence
morgan_bit_0765,binary_prevalence
morgan_bit_0810,binary_prevalence
morgan_bit_0812,binary_prevalence
morgan_bit_0817,binary_prevalence
morgan_bit_0851,binary_prevalence
morgan_bit_0866,binary_prevalence
morgan_bit_0882,binary_prevalence
morgan_bit_0923,binary_prevalence
morgan_bit_0928,binary_prevalence
morgan_bit_0939,binary_prevalence
morgan_bit_0979,binary_prevalence
morgan_bit_0991,binary_prevalence
morgan_bit_0992,binary_prevalence
morgan_bit_1016,binary_prevalence
fcfp6_bit_0201,binary_prevalence
fcfp6_bit_0860,binary_prevalence
layered_bit_0075,binary_prevalence
layered_bit_0138,binary_prevalence
layered_bit_0305,binary_prevalence
layered_bit_0338,binary_prevalence
layered_bit_0436,binary_prevalence
layered_bit_0497,binary_prevalence
layered_bit_0510,binary_prevalence
layered_bit_0566,binary_prevalence
layered_bit_0624,binary_prevalence
layered_bit_0631,binary_prevalence
layered_bit_0657,binary_prevalence
layered_bit_0663,binary_prevalence
layered_bit_0738,binary_prevalence
layered_bit_0801,binary_prevalence
layered_bit_0864,binary_prevalence
layered_bit_0915,binary_prevalence
layered_bit_0929,binary_prevalence
layered_bit_0931,binary_prevalence
layered_bit_0978,binary_prevalence
layered_bit_0986,binary_prevalence
atom_pair_bit_0011,binary_prevalence
atom_pair_bit_0014,binary_prevalence
atom_pair_bit_0023,binary_prevalence
atom_pair_bit_0027,binary_prevalence
atom_pair_bit_0031,binary_prevalence
atom_pair_bit_0055,binary_prevalence
atom_pair_bit_0075,binary_prevalence
atom_pair_bit_0082,binary_prevalence
atom_pair_bit_0087,binary_prevalence
atom_pair_bit_0095,binary_prevalence
atom_pair_bit_0103,binary_prevalence
atom_pair_bit_0107,binary_prevalence
atom_pair_bit_0111,binary_prevalence
atom_pair_bit_0115,binary_prevalence
atom_pair_bit_0119,binary_prevalence
atom_pair_bit_0130,binary_prevalence
atom_pair_bit_0134,binary_prevalence
atom_pair_bit_0139,binary_prevalence
atom_pair_bit_0143,binary_prevalence
atom_pair_bit_0159,binary_prevalence
atom_pair_bit_0167,binary_prevalence
atom_pair_bit_0171,binary_prevalence
atom_pair_bit_0175,binary_prevalence
atom_pair_bit_0182,binary_prevalence
atom_pair_bit_0183,binary_prevalence
atom_pair_bit_0187,binary_prevalence
atom_pair_bit_0195,binary_prevalence
atom_pair_bit_0207,binary_prevalence
atom_pair_bit_0211,binary_prevalence
atom_pair_bit_0214,binary_prevalence
atom_pair_bit_0231,binary_prevalence
atom_pair_bit_0235,binary_prevalence
atom_pair_bit_0239,binary_prevalence
atom_pair_bit_0255,binary_prevalence
atom_pair_bit_0271,binary_prevalence
atom_pair_bit_0279,binary_prevalence
atom_pair_bit_0287,binary_prevalence
atom_pair_bit_0307,binary_prevalence
atom_pair_bit_0334,binary_prevalence
atom_pair_bit_0335,binary_prevalence
atom_pair_bit_0343,binary_prevalence
atom_pair_bit_0347,binary_prevalence
atom_pair_bit_0351,binary_prevalence
atom_pair_bit_0355,binary_prevalence
atom_pair_bit_0363,binary_prevalence
atom_pair_bit_0367,binary_prevalence
atom_pair_bit_0375,binary_prevalence
atom_pair_bit_0387,binary_prevalence
atom_pair_bit_0390,binary_prevalence
atom_pair_bit_0399,binary_prevalence
atom_pair_bit_0403,binary_prevalence
atom_pair_bit_0407,binary_prevalence
atom_pair_bit_0410,binary_prevalence
atom_pair_bit_0411,binary_prevalence
atom_pair_bit_0419,binary_prevalence
atom_pair_bit_0423,binary_prevalence
atom_pair_bit_0427,binary_prevalence
atom_pair_bit_0431,binary_prevalence
atom_pair_bit_0454,binary_prevalence
atom_pair_bit_0471,binary_prevalence
atom_pair_bit_0483,binary_prevalence
atom_pair_bit_0511,binary_prevalence
atom_pair_bit_0515,binary_prevalence
atom_pair_bit_0531,binary_prevalence
atom_pair_bit_0543,binary_prevalence
atom_pair_bit_0547,binary_prevalence
atom_pair_bit_0563,binary_prevalence
atom_pair_bit_0571,binary_prevalence
atom_pair_bit_0574,binary_prevalence
atom_pair_bit_0579,binary_prevalence
atom_pair_bit_0583,binary_prevalence
atom_pair_bit_0599,binary_prevalence
atom_pair_bit_0607,binary_prevalence
atom_pair_bit_0611,binary_prevalence
atom_pair_bit_0619,binary_prevalence
atom_pair_bit_0623,binary_prevalence
atom_pair_bit_0627,binary_prevalence
atom_pair_bit_0643,binary_prevalence
atom_pair_bit_0650,binary_prevalence
atom_pair_bit_0654,binary_prevalence
atom_pair_bit_0658,binary_prevalence
atom_pair_bit_0662,binary_prevalence
atom_pair_bit_0671,binary_prevalence
atom_pair_bit_0675,binary_prevalence
atom_pair_bit_0679,binary_prevalence
atom_pair_bit_0683,binary_prevalence
atom_pair_bit_0687,binary_prevalence
atom_pair_bit_0690,binary_prevalence
atom_pair_bit_0711,binary_prevalence
atom_pair_bit_0731,binary_prevalence
atom_pair_bit_0734,binary_prevalence
atom_pair_bit_0739,binary_prevalence
atom_pair_bit_0742,binary_prevalence
atom_pair_bit_0743,binary_prevalence
atom_pair_bit_0747,binary_prevalence
atom_pair_bit_0755,binary_prevalence
atom_pair_bit_0759,binary_prevalence
atom_pair_bit_0771,binary_prevalence
atom_pair_bit_0775,binary_prevalence
atom_pair_bit_0791,binary_prevalence
atom_pair_bit_0807,binary_prevalence
atom_pair_bit_0835,binary_prevalence
atom_pair_bit_0838,binary_prevalence
atom_pair_bit_0855,binary_prevalence
atom_pair_bit_0867,binary_prevalence
atom_pair_bit_0871,binary_prevalence
atom_pair_bit_0875,binary_prevalence
atom_pair_bit_0883,binary_prevalence
atom_pair_bit_0887,binary_prevalence
atom_pair_bit_0895,binary_prevalence
atom_pair_bit_0903,binary_prevalence
atom_pair_bit_0907,binary_prevalence
atom_pair_bit_0910,binary_prevalence
atom_pair_bit_0914,binary_prevalence
atom_pair_bit_0915,binary_prevalence
atom_pair_bit_0919,binary_prevalence
atom_pair_bit_0923,binary_prevalence
atom_pair_bit_0935,binary_prevalence
atom_pair_bit_0939,binary_prevalence
atom_pair_bit_0943,binary_prevalence
atom_pair_bit_0946,binary_prevalence
atom_pair_bit_0955,binary_prevalence
atom_pair_bit_0958,binary_prevalence
atom_pair_bit_0974,binary_prevalence
atom_pair_bit_0987,binary_prevalence
atom_pair_bit_0991,binary_prevalence
atom_pair_bit_0995,binary_prevalence
atom_pair_bit_1007,binary_prevalence
topological_torsion_bit_0002,binary_prevalence
topological_torsion_bit_0009,binary_prevalence
topological_torsion_bit_0017,binary_prevalence
topological_torsion_bit_0021,binary_prevalence
topological_torsion_bit_0026,binary_prevalence
topological_torsion_bit_0041,binary_prevalence
topological_torsion_bit_0044,binary_prevalence
topological_torsion_bit_0056,binary_prevalence
topological_torsion_bit_0070,binary_prevalence
topological_torsion_bit_0073,binary_prevalence
topological_torsion_bit_0077,binary_prevalence
topological_torsion_bit_0081,binary_prevalence
topological_torsion_bit_0086,binary_prevalence
topological_torsion_bit_0089,binary_prevalence
topological_torsion_bit_0090,binary_prevalence
topological_torsion_bit_0094,binary_prevalence
topological_torsion_bit_0097,binary_prevalence
topological_torsion_bit_0101,binary_prevalence
topological_torsion_bit_0105,binary_prevalence
topological_torsion_bit_0114,binary_prevalence
topological_torsion_bit_0118,binary_prevalence
topological_torsion_bit_0126,binary_prevalence
topological_torsion_bit_0130,binary_prevalence
topological_torsion_bit_0133,binary_prevalence
topological_torsion_bit_0136,binary_prevalence
topological_torsion_bit_0137,binary_prevalence
topological_torsion_bit_0146,binary_prevalence
topological_torsion_bit_0158,binary_prevalence
topological_torsion_bit_0165,binary_prevalence
topological_torsion_bit_0166,binary_prevalence
topological_torsion_bit_0167,binary_prevalence
topological_torsion_bit_0169,binary_prevalence
topological_torsion_bit_0173,binary_prevalence
topological_torsion_bit_0179,binary_prevalence
topological_torsion_bit_0186,binary_prevalence
topological_torsion_bit_0194,binary_prevalence
topological_torsion_bit_0205,binary_prevalence
topological_torsion_bit_0214,binary_prevalence
topological_torsion_bit_0218,binary_prevalence
topological_torsion_bit_0221,binary_prevalence
topological_torsion_bit_0222,binary_prevalence
topological_torsion_bit_0223,binary_prevalence
topological_torsion_bit_0225,binary_prevalence
topological_torsion_bit_0229,binary_prevalence
topological_torsion_bit_0237,binary_prevalence
topological_torsion_bit_0241,binary_prevalence
topological_torsion_bit_0246,binary_prevalence
topological_torsion_bit_0250,binary_prevalence
topological_torsion_bit_0257,binary_prevalence
topological_torsion_bit_0262,binary_prevalence
topological_torsion_bit_0266,binary_prevalence
topological_torsion_bit_0270,binary_prevalence
topological_torsion_bit_0278,binary_prevalence
topological_torsion_bit_0286,binary_prevalence
topological_torsion_bit_0287,binary_prevalence
topological_torsion_bit_0290,binary_prevalence
topological_torsion_bit_0302,binary_prevalence
topological_torsion_bit_0306,binary_prevalence
topological_torsion_bit_0315,binary_prevalence
topological_torsion_bit_0334,binary_prevalence
topological_torsion_bit_0342,binary_prevalence
topological_torsion_bit_0350,binary_prevalence
topological_torsion_bit_0370,binary_prevalence
topological_torsion_bit_0374,binary_prevalence
topological_torsion_bit_0379,binary_prevalence
topological_torsion_bit_0385,binary_prevalence
topological_torsion_bit_0389,binary_prevalence
topological_torsion_bit_0390,binary_prevalence
topological_torsion_bit_0394,binary_prevalence
topological_torsion_bit_0401,binary_prevalence
topological_torsion_bit_0411,binary_prevalence
topological_torsion_bit_0414,binary_prevalence
topological_torsion_bit_0417,binary_prevalence
topological_torsion_bit_0421,binary_prevalence
topological_torsion_bit_0429,binary_prevalence
topological_torsion_bit_0437,binary_prevalence
topological_torsion_bit_0442,binary_prevalence
topological_torsion_bit_0446,binary_prevalence
topological_torsion_bit_0450,binary_prevalence
topological_torsion_bit_0455,binary_prevalence
topological_torsion_bit_0458,binary_prevalence
topological_torsion_bit_0462,binary_prevalence
topological_torsion_bit_0466,binary_prevalence
topological_torsion_bit_0470,binary_prevalence
topological_torsion_bit_0478,binary_prevalence
topological_torsion_bit_0486,binary_prevalence
topological_torsion_bit_0490,binary_prevalence
topological_torsion_bit_0493,binary_prevalence
topological_torsion_bit_0506,binary_prevalence
topological_torsion_bit_0511,binary_prevalence
topological_torsion_bit_0518,binary_prevalence
topological_torsion_bit_0523,binary_prevalence
topological_torsion_bit_0531,binary_prevalence
topological_torsion_bit_0539,binary_prevalence
topological_torsion_bit_0542,binary_prevalence
topological_torsion_bit_0550,binary_prevalence
topological_torsion_bit_0554,binary_prevalence
topological_torsion_bit_0558,binary_prevalence
topological_torsion_bit_0566,binary_prevalence
topological_torsion_bit_0569,binary_prevalence
topological_torsion_bit_0574,binary_prevalence
topological_torsion_bit_0578,binary_prevalence
topological_torsion_bit_0587,binary_prevalence
topological_torsion_bit_0590,binary_prevalence
topological_torsion_bit_0594,binary_prevalence
topological_torsion_bit_0598,binary_prevalence
topological_torsion_bit_0605,binary_prevalence
topological_torsion_bit_0610,binary_prevalence
topological_torsion_bit_0615,binary_prevalence
topological_torsion_bit_0618,binary_prevalence
topological_torsion_bit_0630,binary_prevalence
topological_torsion_bit_0635,binary_prevalence
topological_torsion_bit_0642,binary_prevalence
topological_torsion_bit_0655,binary_prevalence
topological_torsion_bit_0657,binary_prevalence
topological_torsion_bit_0666,binary_prevalence
topological_torsion_bit_0670,binary_prevalence
topological_torsion_bit_0674,binary_prevalence
topological_torsion_bit_0678,binary_prevalence
topological_torsion_bit_0681,binary_prevalence
topological_torsion_bit_0686,binary_prevalence
topological_torsion_bit_0691,binary_prevalence
topological_torsion_bit_0698,binary_prevalence
topological_torsion_bit_0706,binary_prevalence
topological_torsion_bit_0710,binary_prevalence
topological_torsion_bit_0713,binary_prevalence
topological_torsion_bit_0726,binary_prevalence
topological_torsion_bit_0730,binary_prevalence
topological_torsion_bit_0735,binary_prevalence
topological_torsion_bit_0746,binary_prevalence
topological_torsion_bit_0747,binary_prevalence
topological_torsion_bit_0750,binary_prevalence
topological_torsion_bit_0753,binary_prevalence
topological_torsion_bit_0773,binary_prevalence
topological_torsion_bit_0778,binary_prevalence
topological_torsion_bit_0791,binary_prevalence
topological_torsion_bit_0802,binary_prevalence
topological_torsion_bit_0805,binary_prevalence
topological_torsion_bit_0809,binary_prevalence
topological_torsion_bit_0819,binary_prevalence
topological_torsion_bit_0822,binary_prevalence
topological_torsion_bit_0825,binary_prevalence
topological_torsion_bit_0826,binary_prevalence
topological_torsion_bit_0830,binary_prevalence
topological_torsion_bit_0841,binary_prevalence
topological_torsion_bit_0846,binary_prevalence
topological_torsion_bit_0855,binary_prevalence
topological_torsion_bit_0857,binary_prevalence
topological_torsion_bit_0861,binary_prevalence
topological_torsion_bit_0865,binary_prevalence
topological_torsion_bit_0874,binary_prevalence
topological_torsion_bit_0878,binary_prevalence
topological_torsion_bit_0881,binary_prevalence
topological_torsion_bit_0889,binary_prevalence
topological_torsion_bit_0890,binary_prevalence
topological_torsion_bit_0898,binary_prevalence
topological_torsion_bit_0902,binary_prevalence
topological_torsion_bit_0907,binary_prevalence
topological_torsion_bit_0915,binary_prevalence
topological_torsion_bit_0917,binary_prevalence
topological_torsion_bit_0921,binary_prevalence
topological_torsion_bit_0926,binary_prevalence
topological_torsion_bit_0930,binary_prevalence
topological_torsion_bit_0946,binary_prevalence
topological_torsion_bit_0949,binary_prevalence
topological_torsion_bit_0952,binary_prevalence
topological_torsion_bit_0953,binary_prevalence
topological_torsion_bit_0957,binary_prevalence
topological_torsion_bit_0961,binary_prevalence
topological_torsion_bit_0974,binary_prevalence
topological_torsion_bit_0977,binary_prevalence
topological_torsion_bit_0982,binary_prevalence
topological_torsion_bit_0986,binary_prevalence
topological_torsion_bit_0987,binary_prevalence
topological_torsion_bit_0990,binary_prevalence
topological_torsion_bit_0998,binary_prevalence
topological_torsion_bit_1006,binary_prevalence
topological_torsion_bit_1014,binary_prevalence
topological_torsion_bit_1018,binary_prevalence
topological_torsion_bit_1022,binary_prevalence
maccs_bit_013,binary_prevalence
maccs_bit_026,binary_prevalence
maccs_bit_027,binary_prevalence
maccs_bit_029,binary_prevalence
maccs_bit_039,binary_prevalence
maccs_bit_040,binary_prevalence
maccs_bit_045,binary_prevalence
maccs_bit_048,binary_prevalence
maccs_bit_049,binary_prevalence
maccs_bit_056,binary_prevalence
maccs_bit_063,binary_prevalence
maccs_bit_068,binary_prevalence
maccs_bit_165,binary_prevalence
rdkit_fr_C_S,binary_prevalence
rdkit_fr_aldehyde,binary_prevalence
rdkit_fr_azo,binary_prevalence
rdkit_fr_guanido,binary_prevalence
rdkit_fr_hdrzine,binary_prevalence
rdkit_fr_hdrzone,binary_prevalence
rdkit_fr_lactone,binary_prevalence
rdkit_fr_nitro,binary_prevalence
rdkit_fr_nitro_arom,binary_prevalence
rdkit_fr_nitro_arom_nonortho,binary_prevalence
rdkit_fr_oxime,binary_prevalence
rdkit_fr_prisulfonamd,binary_prevalence
rdkit_fr_term_acetylene,binary_prevalence
maplight_morgan_0016,binary_prevalence
maplight_morgan_0028,binary_prevalence
maplight_morgan_0048,binary_prevalence
maplight_morgan_0070,binary_prevalence
maplight_morgan_0111,binary_prevalence
maplight_morgan_0137,binary_prevalence
maplight_morgan_0199,binary_prevalence
maplight_morgan_0229,binary_prevalence
maplight_morgan_0253,binary_prevalence
maplight_morgan_0306,binary_prevalence
maplight_morgan_0331,binary_prevalence
maplight_morgan_0340,binary_prevalence
maplight_morgan_0601,binary_prevalence
maplight_morgan_0627,binary_prevalence
maplight_morgan_0636,binary_prevalence
maplight_morgan_0648,binary_prevalence
maplight_morgan_0670,binary_prevalence
maplight_morgan_0685,binary_prevalence
maplight_morgan_0746,binary_prevalence
maplight_morgan_0748,binary_prevalence
maplight_morgan_0752,binary_prevalence
maplight_morgan_0765,binary_prevalence
maplight_morgan_0810,binary_prevalence
maplight_morgan_0817,binary_prevalence
maplight_morgan_0851,binary_prevalence
maplight_morgan_0866,binary_prevalence
maplight_morgan_0882,binary_prevalence
maplight_morgan_0923,binary_prevalence
maplight_morgan_0928,binary_prevalence
maplight_morgan_0939,binary_prevalence
maplight_morgan_0979,binary_prevalence
maplight_morgan_0991,binary_prevalence
maplight_morgan_0992,binary_prevalence
maplight_morgan_1016,binary_prevalence
avalon_count_0578,binary_prevalence
avalon_count_0943,binary_prevalence
erg_014,binary_prevalence
erg_269,binary_prevalence
maplight_desc_fr_C_S,binary_prevalence
maplight_desc_fr_aldehyde,binary_prevalence
maplight_desc_fr_azo,binary_prevalence
maplight_desc_fr_guanido,binary_prevalence
maplight_desc_fr_hdrzine,binary_prevalence
maplight_desc_fr_hdrzone,binary_prevalence
maplight_desc_fr_lactone,binary_prevalence
maplight_desc_fr_nitro,binary_prevalence
maplight_desc_fr_nitro_arom,binary_prevalence
maplight_desc_fr_nitro_arom_nonortho,binary_prevalence
maplight_desc_fr_oxime,binary_prevalence
maplight_desc_fr_prisulfonamd,binary_prevalence
maplight_desc_fr_term_acetylene,binary_prevalence
layered_bit_0114,exact_duplicate
maccs_bit_060,exact_duplicate
maccs_bit_134,exact_duplicate
maccs_bit_143,exact_duplicate
maccs_bit_162,exact_duplicate
rdkit_MaxEStateIndex,exact_duplicate
rdkit_fr_COO2,exact_duplicate
rdkit_fr_Nhpyrrole,exact_duplicate
rdkit_fr_amide,exact_duplicate
maplight_morgan_0006,exact_duplicate
maplight_morgan_0007,exact_duplicate
maplight_morgan_0010,exact_duplicate
maplight_morgan_0012,exact_duplicate
maplight_morgan_0019,exact_duplicate
maplight_morgan_0020,exact_duplicate
maplight_morgan_0022,exact_duplicate
maplight_morgan_0024,exact_duplicate
maplight_morgan_0029,exact_duplicate
maplight_morgan_0031,exact_duplicate
maplight_morgan_0035,exact_duplicate
maplight_morgan_0037,exact_duplicate
maplight_morgan_0038,exact_duplicate
maplight_morgan_0040,exact_duplicate
maplight_morgan_0044,exact_duplicate
maplight_morgan_0046,exact_duplicate
maplight_morgan_0049,exact_duplicate
maplight_morgan_0050,exact_duplicate
maplight_morgan_0051,exact_duplicate
maplight_morgan_0052,exact_duplicate
maplight_morgan_0054,exact_duplicate
maplight_morgan_0056,exact_duplicate
maplight_morgan_0057,exact_duplicate
maplight_morgan_0058,exact_duplicate
maplight_morgan_0059,exact_duplicate
maplight_morgan_0060,exact_duplicate
maplight_morgan_0061,exact_duplicate
maplight_morgan_0062,exact_duplicate
maplight_morgan_0066,exact_duplicate
maplight_morgan_0067,exact_duplicate
maplight_morgan_0068,exact_duplicate
maplight_morgan_0069,exact_duplicate
maplight_morgan_0071,exact_duplicate
maplight_morgan_0072,exact_duplicate
maplight_morgan_0078,exact_duplicate
maplight_morgan_0081,exact_duplicate
maplight_morgan_0082,exact_duplicate
maplight_morgan_0083,exact_duplicate
maplight_morgan_0085,exact_duplicate
maplight_morgan_0086,exact_duplicate
maplight_morgan_0087,exact_duplicate
maplight_morgan_0088,exact_duplicate
maplight_morgan_0089,exact_duplicate
maplight_morgan_0093,exact_duplicate
maplight_morgan_0095,exact_duplicate
maplight_morgan_0098,exact_duplicate
maplight_morgan_0099,exact_duplicate
maplight_morgan_0106,exact_duplicate
maplight_morgan_0109,exact_duplicate
maplight_morgan_0113,exact_duplicate
maplight_morgan_0115,exact_duplicate
maplight_morgan_0118,exact_duplicate
maplight_morgan_0120,exact_duplicate
maplight_morgan_0124,exact_duplicate
maplight_morgan_0125,exact_duplicate
maplight_morgan_0131,exact_duplicate
maplight_morgan_0132,exact_duplicate
maplight_morgan_0141,exact_duplicate
maplight_morgan_0143,exact_duplicate
maplight_morgan_0146,exact_duplicate
maplight_morgan_0148,exact_duplicate
maplight_morgan_0150,exact_duplicate
maplight_morgan_0152,exact_duplicate
maplight_morgan_0153,exact_duplicate
maplight_morgan_0154,exact_duplicate
maplight_morgan_0156,exact_duplicate
maplight_morgan_0157,exact_duplicate
maplight_morgan_0161,exact_duplicate
maplight_morgan_0163,exact_duplicate
maplight_morgan_0164,exact_duplicate
maplight_morgan_0165,exact_duplicate
maplight_morgan_0167,exact_duplicate
maplight_morgan_0168,exact_duplicate
maplight_morgan_0170,exact_duplicate
maplight_morgan_0173,exact_duplicate
maplight_morgan_0174,exact_duplicate
maplight_morgan_0176,exact_duplicate
maplight_morgan_0179,exact_duplicate
maplight_morgan_0181,exact_duplicate
maplight_morgan_0182,exact_duplicate
maplight_morgan_0183,exact_duplicate
maplight_morgan_0187,exact_duplicate
maplight_morgan_0195,exact_duplicate
maplight_morgan_0205,exact_duplicate
maplight_morgan_0208,exact_duplicate
maplight_morgan_0209,exact_duplicate
maplight_morgan_0210,exact_duplicate
maplight_morgan_0211,exact_duplicate
maplight_morgan_0217,exact_duplicate
maplight_morgan_0220,exact_duplicate
maplight_morgan_0224,exact_duplicate
maplight_morgan_0227,exact_duplicate
maplight_morgan_0228,exact_duplicate
maplight_morgan_0230,exact_duplicate
maplight_morgan_0234,exact_duplicate
maplight_morgan_0238,exact_duplicate
maplight_morgan_0239,exact_duplicate
maplight_morgan_0244,exact_duplicate
maplight_morgan_0245,exact_duplicate
maplight_morgan_0254,exact_duplicate
maplight_morgan_0259,exact_duplicate
maplight_morgan_0264,exact_duplicate
maplight_morgan_0267,exact_duplicate
maplight_morgan_0269,exact_duplicate
maplight_morgan_0270,exact_duplicate
maplight_morgan_0274,exact_duplicate
maplight_morgan_0275,exact_duplicate
maplight_morgan_0276,exact_duplicate
maplight_morgan_0278,exact_duplicate
maplight_morgan_0279,exact_duplicate
maplight_morgan_0280,exact_duplicate
maplight_morgan_0282,exact_duplicate
maplight_morgan_0284,exact_duplicate
maplight_morgan_0286,exact_duplicate
maplight_morgan_0290,exact_duplicate
maplight_morgan_0291,exact_duplicate
maplight_morgan_0292,exact_duplicate
maplight_morgan_0295,exact_duplicate
maplight_morgan_0296,exact_duplicate
maplight_morgan_0299,exact_duplicate
maplight_morgan_0308,exact_duplicate
maplight_morgan_0309,exact_duplicate
maplight_morgan_0311,exact_duplicate
maplight_morgan_0312,exact_duplicate
maplight_morgan_0316,exact_duplicate
maplight_morgan_0317,exact_duplicate
maplight_morgan_0320,exact_duplicate
maplight_morgan_0324,exact_duplicate
maplight_morgan_0326,exact_duplicate
maplight_morgan_0332,exact_duplicate
maplight_morgan_0334,exact_duplicate
maplight_morgan_0336,exact_duplicate
maplight_morgan_0337,exact_duplicate
maplight_morgan_0339,exact_duplicate
maplight_morgan_0343,exact_duplicate
maplight_morgan_0344,exact_duplicate
maplight_morgan_0345,exact_duplicate
maplight_morgan_0347,exact_duplicate
maplight_morgan_0348,exact_duplicate
maplight_morgan_0354,exact_duplicate
maplight_morgan_0355,exact_duplicate
maplight_morgan_0359,exact_duplicate
maplight_morgan_0362,exact_duplicate
maplight_morgan_0364,exact_duplicate
maplight_morgan_0365,exact_duplicate
maplight_morgan_0370,exact_duplicate
maplight_morgan_0372,exact_duplicate
maplight_morgan_0375,exact_duplicate
maplight_morgan_0376,exact_duplicate
maplight_morgan_0379,exact_duplicate
maplight_morgan_0382,exact_duplicate
maplight_morgan_0388,exact_duplicate
maplight_morgan_0390,exact_duplicate
maplight_morgan_0391,exact_duplicate
maplight_morgan_0395,exact_duplicate
maplight_morgan_0401,exact_duplicate
maplight_morgan_0402,exact_duplicate
maplight_morgan_0403,exact_duplicate
maplight_morgan_0404,exact_duplicate
maplight_morgan_0409,exact_duplicate
maplight_morgan_0411,exact_duplicate
maplight_morgan_0412,exact_duplicate
maplight_morgan_0413,exact_duplicate
maplight_morgan_0415,exact_duplicate
maplight_morgan_0418,exact_duplicate
maplight_morgan_0420,exact_duplicate
maplight_morgan_0427,exact_duplicate
maplight_morgan_0434,exact_duplicate
maplight_morgan_0435,exact_duplicate
maplight_morgan_0436,exact_duplicate
maplight_morgan_0437,exact_duplicate
maplight_morgan_0438,exact_duplicate
maplight_morgan_0440,exact_duplicate
maplight_morgan_0442,exact_duplicate
maplight_morgan_0443,exact_duplicate
maplight_morgan_0444,exact_duplicate
maplight_morgan_0449,exact_duplicate
maplight_morgan_0450,exact_duplicate
maplight_morgan_0451,exact_duplicate
maplight_morgan_0453,exact_duplicate
maplight_morgan_0454,exact_duplicate
maplight_morgan_0455,exact_duplicate
maplight_morgan_0459,exact_duplicate
maplight_morgan_0462,exact_duplicate
maplight_morgan_0465,exact_duplicate
maplight_morgan_0467,exact_duplicate
maplight_morgan_0470,exact_duplicate
maplight_morgan_0472,exact_duplicate
maplight_morgan_0475,exact_duplicate
maplight_morgan_0476,exact_duplicate
maplight_morgan_0477,exact_duplicate
maplight_morgan_0478,exact_duplicate
maplight_morgan_0479,exact_duplicate
maplight_morgan_0481,exact_duplicate
maplight_morgan_0482,exact_duplicate
maplight_morgan_0487,exact_duplicate
maplight_morgan_0488,exact_duplicate
maplight_morgan_0492,exact_duplicate
maplight_morgan_0498,exact_duplicate
maplight_morgan_0499,exact_duplicate
maplight_morgan_0500,exact_duplicate
maplight_morgan_0501,exact_duplicate
maplight_morgan_0506,exact_duplicate
maplight_morgan_0508,exact_duplicate
maplight_morgan_0513,exact_duplicate
maplight_morgan_0514,exact_duplicate
maplight_morgan_0516,exact_duplicate
maplight_morgan_0519,exact_duplicate
maplight_morgan_0521,exact_duplicate
maplight_morgan_0522,exact_duplicate
maplight_morgan_0525,exact_duplicate
maplight_morgan_0531,exact_duplicate
maplight_morgan_0532,exact_duplicate
maplight_morgan_0534,exact_duplicate
maplight_morgan_0535,exact_duplicate
maplight_morgan_0536,exact_duplicate
maplight_morgan_0537,exact_duplicate
maplight_morgan_0538,exact_duplicate
maplight_morgan_0542,exact_duplicate
maplight_morgan_0546,exact_duplicate
maplight_morgan_0547,exact_duplicate
maplight_morgan_0550,exact_duplicate
maplight_morgan_0551,exact_duplicate
maplight_morgan_0553,exact_duplicate
maplight_morgan_0555,exact_duplicate
maplight_morgan_0566,exact_duplicate
maplight_morgan_0567,exact_duplicate
maplight_morgan_0568,exact_duplicate
maplight_morgan_0570,exact_duplicate
maplight_morgan_0571,exact_duplicate
maplight_morgan_0572,exact_duplicate
maplight_morgan_0574,exact_duplicate
maplight_morgan_0576,exact_duplicate
maplight_morgan_0581,exact_duplicate
maplight_morgan_0584,exact_duplicate
maplight_morgan_0586,exact_duplicate
maplight_morgan_0591,exact_duplicate
maplight_morgan_0592,exact_duplicate
maplight_morgan_0594,exact_duplicate
maplight_morgan_0595,exact_duplicate
maplight_morgan_0596,exact_duplicate
maplight_morgan_0600,exact_duplicate
maplight_morgan_0603,exact_duplicate
maplight_morgan_0604,exact_duplicate
maplight_morgan_0605,exact_duplicate
maplight_morgan_0606,exact_duplicate
maplight_morgan_0608,exact_duplicate
maplight_morgan_0611,exact_duplicate
maplight_morgan_0612,exact_duplicate
maplight_morgan_0616,exact_duplicate
maplight_morgan_0617,exact_duplicate
maplight_morgan_0621,exact_duplicate
maplight_morgan_0622,exact_duplicate
maplight_morgan_0626,exact_duplicate
maplight_morgan_0630,exact_duplicate
maplight_morgan_0632,exact_duplicate
maplight_morgan_0633,exact_duplicate
maplight_morgan_0634,exact_duplicate
maplight_morgan_0635,exact_duplicate
maplight_morgan_0638,exact_duplicate
maplight_morgan_0643,exact_duplicate
maplight_morgan_0655,exact_duplicate
maplight_morgan_0660,exact_duplicate
maplight_morgan_0662,exact_duplicate
maplight_morgan_0663,exact_duplicate
maplight_morgan_0664,exact_duplicate
maplight_morgan_0665,exact_duplicate
maplight_morgan_0669,exact_duplicate
maplight_morgan_0671,exact_duplicate
maplight_morgan_0676,exact_duplicate
maplight_morgan_0678,exact_duplicate
maplight_morgan_0681,exact_duplicate
maplight_morgan_0682,exact_duplicate
maplight_morgan_0683,exact_duplicate
maplight_morgan_0686,exact_duplicate
maplight_morgan_0687,exact_duplicate
maplight_morgan_0688,exact_duplicate
maplight_morgan_0691,exact_duplicate
maplight_morgan_0692,exact_duplicate
maplight_morgan_0693,exact_duplicate
maplight_morgan_0696,exact_duplicate
maplight_morgan_0700,exact_duplicate
maplight_morgan_0701,exact_duplicate
maplight_morgan_0702,exact_duplicate
maplight_morgan_0704,exact_duplicate
maplight_morgan_0705,exact_duplicate
maplight_morgan_0711,exact_duplicate
maplight_morgan_0713,exact_duplicate
maplight_morgan_0719,exact_duplicate
maplight_morgan_0729,exact_duplicate
maplight_morgan_0731,exact_duplicate
maplight_morgan_0732,exact_duplicate
maplight_morgan_0733,exact_duplicate
maplight_morgan_0735,exact_duplicate
maplight_morgan_0737,exact_duplicate
maplight_morgan_0740,exact_duplicate
maplight_morgan_0742,exact_duplicate
maplight_morgan_0743,exact_duplicate
maplight_morgan_0744,exact_duplicate
maplight_morgan_0749,exact_duplicate
maplight_morgan_0750,exact_duplicate
maplight_morgan_0754,exact_duplicate
maplight_morgan_0755,exact_duplicate
maplight_morgan_0756,exact_duplicate
maplight_morgan_0757,exact_duplicate
maplight_morgan_0758,exact_duplicate
maplight_morgan_0761,exact_duplicate
maplight_morgan_0762,exact_duplicate
maplight_morgan_0763,exact_duplicate
maplight_morgan_0764,exact_duplicate
maplight_morgan_0769,exact_duplicate
maplight_morgan_0770,exact_duplicate
maplight_morgan_0773,exact_duplicate
maplight_morgan_0778,exact_duplicate
maplight_morgan_0780,exact_duplicate
maplight_morgan_0782,exact_duplicate
maplight_morgan_0783,exact_duplicate
maplight_morgan_0793,exact_duplicate
maplight_morgan_0796,exact_duplicate
maplight_morgan_0797,exact_duplicate
maplight_morgan_0803,exact_duplicate
maplight_morgan_0808,exact_duplicate
maplight_morgan_0811,exact_duplicate
maplight_morgan_0818,exact_duplicate
maplight_morgan_0821,exact_duplicate
maplight_morgan_0826,exact_duplicate
maplight_morgan_0828,exact_duplicate
maplight_morgan_0832,exact_duplicate
maplight_morgan_0834,exact_duplicate
maplight_morgan_0838,exact_duplicate
maplight_morgan_0839,exact_duplicate
maplight_morgan_0840,exact_duplicate
maplight_morgan_0844,exact_duplicate
maplight_morgan_0845,exact_duplicate
maplight_morgan_0846,exact_duplicate
maplight_morgan_0852,exact_duplicate
maplight_morgan_0853,exact_duplicate
maplight_morgan_0854,exact_duplicate
maplight_morgan_0856,exact_duplicate
maplight_morgan_0858,exact_duplicate
maplight_morgan_0859,exact_duplicate
maplight_morgan_0860,exact_duplicate
maplight_morgan_0861,exact_duplicate
maplight_morgan_0863,exact_duplicate
maplight_morgan_0864,exact_duplicate
maplight_morgan_0865,exact_duplicate
maplight_morgan_0868,exact_duplicate
maplight_morgan_0870,exact_duplicate
maplight_morgan_0874,exact_duplicate
maplight_morgan_0876,exact_duplicate
maplight_morgan_0878,exact_duplicate
maplight_morgan_0880,exact_duplicate
maplight_morgan_0884,exact_duplicate
maplight_morgan_0888,exact_duplicate
maplight_morgan_0889,exact_duplicate
maplight_morgan_0895,exact_duplicate
maplight_morgan_0897,exact_duplicate
maplight_morgan_0900,exact_duplicate
maplight_morgan_0901,exact_duplicate
maplight_morgan_0902,exact_duplicate
maplight_morgan_0903,exact_duplicate
maplight_morgan_0905,exact_duplicate
maplight_morgan_0906,exact_duplicate
maplight_morgan_0907,exact_duplicate
maplight_morgan_0908,exact_duplicate
maplight_morgan_0909,exact_duplicate
maplight_morgan_0910,exact_duplicate
maplight_morgan_0912,exact_duplicate
maplight_morgan_0916,exact_duplicate
maplight_morgan_0920,exact_duplicate
maplight_morgan_0933,exact_duplicate
maplight_morgan_0934,exact_duplicate
maplight_morgan_0936,exact_duplicate
maplight_morgan_0938,exact_duplicate
maplight_morgan_0941,exact_duplicate
maplight_morgan_0944,exact_duplicate
maplight_morgan_0951,exact_duplicate
maplight_morgan_0955,exact_duplicate
maplight_morgan_0962,exact_duplicate
maplight_morgan_0963,exact_duplicate
maplight_morgan_0965,exact_duplicate
maplight_morgan_0970,exact_duplicate
maplight_morgan_0971,exact_duplicate
maplight_morgan_0972,exact_duplicate
maplight_morgan_0973,exact_duplicate
maplight_morgan_0975,exact_duplicate
maplight_morgan_0981,exact_duplicate
maplight_morgan_0982,exact_duplicate
maplight_morgan_0983,exact_duplicate
maplight_morgan_0986,exact_duplicate
maplight_morgan_0987,exact_duplicate
maplight_morgan_0988,exact_duplicate
maplight_morgan_0989,exact_duplicate
maplight_morgan_0994,exact_duplicate
maplight_morgan_0995,exact_duplicate
maplight_morgan_1000,exact_duplicate
maplight_morgan_1002,exact_duplicate
maplight_morgan_1003,exact_duplicate
maplight_morgan_1004,exact_duplicate
maplight_morgan_1007,exact_duplicate
maplight_morgan_1010,exact_duplicate
maplight_morgan_1012,exact_duplicate
maplight_morgan_1013,exact_duplicate
maplight_morgan_1015,exact_duplicate
maplight_morgan_1018,exact_duplicate
maplight_morgan_1022,exact_duplicate
maplight_morgan_1023,exact_duplicate
erg_191,exact_duplicate
maplight_desc_BalabanJ,exact_duplicate
maplight_desc_BertzCT,exact_duplicate
maplight_desc_Chi0,exact_duplicate
maplight_desc_Chi0n,exact_duplicate
maplight_desc_Chi0v,exact_duplicate
maplight_desc_Chi1,exact_duplicate
maplight_desc_Chi1n,exact_duplicate
maplight_desc_Chi1v,exact_duplicate
maplight_desc_Chi2n,exact_duplicate
maplight_desc_Chi2v,exact_duplicate
maplight_desc_Chi3n,exact_duplicate
maplight_desc_Chi3v,exact_duplicate
maplight_desc_Chi4n,exact_duplicate
maplight_desc_Chi4v,exact_duplicate
maplight_desc_EState_VSA1,exact_duplicate
maplight_desc_EState_VSA10,exact_duplicate
maplight_desc_EState_VSA11,exact_duplicate
maplight_desc_EState_VSA2,exact_duplicate
maplight_desc_EState_VSA3,exact_duplicate
maplight_desc_EState_VSA4,exact_duplicate
maplight_desc_EState_VSA5,exact_duplicate
maplight_desc_EState_VSA6,exact_duplicate
maplight_desc_EState_VSA7,exact_duplicate
maplight_desc_EState_VSA8,exact_duplicate
maplight_desc_EState_VSA9,exact_duplicate
maplight_desc_ExactMolWt,exact_duplicate
maplight_desc_FpDensityMorgan1,exact_duplicate
maplight_desc_FpDensityMorgan2,exact_duplicate
maplight_desc_FpDensityMorgan3,exact_duplicate
maplight_desc_FractionCSP3,exact_duplicate
maplight_desc_HallKierAlpha,exact_duplicate
maplight_desc_HeavyAtomCount,exact_duplicate
maplight_desc_HeavyAtomMolWt,exact_duplicate
maplight_desc_Ipc,exact_duplicate
maplight_desc_Kappa1,exact_duplicate
maplight_desc_Kappa2,exact_duplicate
maplight_desc_Kappa3,exact_duplicate
maplight_desc_LabuteASA,exact_duplicate
maplight_desc_MaxAbsEStateIndex,exact_duplicate
maplight_desc_MaxAbsPartialCharge,exact_duplicate
maplight_desc_MaxEStateIndex,exact_duplicate
maplight_desc_MaxPartialCharge,exact_duplicate
maplight_desc_MinAbsEStateIndex,exact_duplicate
maplight_desc_MinAbsPartialCharge,exact_duplicate
maplight_desc_MinEStateIndex,exact_duplicate
maplight_desc_MinPartialCharge,exact_duplicate
maplight_desc_MolLogP,exact_duplicate
maplight_desc_MolMR,exact_duplicate
maplight_desc_MolWt,exact_duplicate
maplight_desc_NHOHCount,exact_duplicate
maplight_desc_NOCount,exact_duplicate
maplight_desc_NumAliphaticCarbocycles,exact_duplicate
maplight_desc_NumAliphaticHeterocycles,exact_duplicate
maplight_desc_NumAliphaticRings,exact_duplicate
maplight_desc_NumAromaticCarbocycles,exact_duplicate
maplight_desc_NumAromaticHeterocycles,exact_duplicate
maplight_desc_NumAromaticRings,exact_duplicate
maplight_desc_NumHAcceptors,exact_duplicate
maplight_desc_NumHDonors,exact_duplicate
maplight_desc_NumHeteroatoms,exact_duplicate
maplight_desc_NumRotatableBonds,exact_duplicate
maplight_desc_NumSaturatedCarbocycles,exact_duplicate
maplight_desc_NumSaturatedHeterocycles,exact_duplicate
maplight_desc_NumSaturatedRings,exact_duplicate
maplight_desc_NumValenceElectrons,exact_duplicate
maplight_desc_PEOE_VSA1,exact_duplicate
maplight_desc_PEOE_VSA10,exact_duplicate
maplight_desc_PEOE_VSA11,exact_duplicate
maplight_desc_PEOE_VSA12,exact_duplicate
maplight_desc_PEOE_VSA13,exact_duplicate
maplight_desc_PEOE_VSA14,exact_duplicate
maplight_desc_PEOE_VSA2,exact_duplicate
maplight_desc_PEOE_VSA3,exact_duplicate
maplight_desc_PEOE_VSA4,exact_duplicate
maplight_desc_PEOE_VSA5,exact_duplicate
maplight_desc_PEOE_VSA6,exact_duplicate
maplight_desc_PEOE_VSA7,exact_duplicate
maplight_desc_PEOE_VSA8,exact_duplicate
maplight_desc_PEOE_VSA9,exact_duplicate
maplight_desc_RingCount,exact_duplicate
maplight_desc_SMR_VSA1,exact_duplicate
maplight_desc_SMR_VSA10,exact_duplicate
maplight_desc_SMR_VSA2,exact_duplicate
maplight_desc_SMR_VSA3,exact_duplicate
maplight_desc_SMR_VSA4,exact_duplicate
maplight_desc_SMR_VSA5,exact_duplicate
maplight_desc_SMR_VSA6,exact_duplicate
maplight_desc_SMR_VSA7,exact_duplicate
maplight_desc_SMR_VSA9,exact_duplicate
maplight_desc_SlogP_VSA1,exact_duplicate
maplight_desc_SlogP_VSA10,exact_duplicate
maplight_desc_SlogP_VSA11,exact_duplicate
maplight_desc_SlogP_VSA12,exact_duplicate
maplight_desc_SlogP_VSA2,exact_duplicate
maplight_desc_SlogP_VSA3,exact_duplicate
maplight_desc_SlogP_VSA4,exact_duplicate
maplight_desc_SlogP_VSA5,exact_duplicate
maplight_desc_SlogP_VSA6,exact_duplicate
maplight_desc_SlogP_VSA7,exact_duplicate
maplight_desc_SlogP_VSA8,exact_duplicate
maplight_desc_TPSA,exact_duplicate
maplight_desc_VSA_EState1,exact_duplicate
maplight_desc_VSA_EState10,exact_duplicate
maplight_desc_VSA_EState2,exact_duplicate
maplight_desc_VSA_EState3,exact_duplicate
maplight_desc_VSA_EState4,exact_duplicate
maplight_desc_VSA_EState5,exact_duplicate
maplight_desc_VSA_EState6,exact_duplicate
maplight_desc_VSA_EState7,exact_duplicate
maplight_desc_VSA_EState8,exact_duplicate
maplight_desc_VSA_EState9,exact_duplicate
maplight_desc_fr_Al_COO,exact_duplicate
maplight_desc_fr_Al_OH,exact_duplicate
maplight_desc_fr_Al_OH_noTert,exact_duplicate
maplight_desc_fr_ArN,exact_duplicate
maplight_desc_fr_Ar_COO,exact_duplicate
maplight_desc_fr_Ar_N,exact_duplicate
maplight_desc_fr_Ar_NH,exact_duplicate
maplight_desc_fr_Ar_OH,exact_duplicate
maplight_desc_fr_COO,exact_duplicate
maplight_desc_fr_COO2,exact_duplicate
maplight_desc_fr_C_O,exact_duplicate
maplight_desc_fr_C_O_noCOO,exact_duplicate
maplight_desc_fr_HOCCN,exact_duplicate
maplight_desc_fr_Imine,exact_duplicate
maplight_desc_fr_NH0,exact_duplicate
maplight_desc_fr_NH1,exact_duplicate
maplight_desc_fr_NH2,exact_duplicate
maplight_desc_fr_N_O,exact_duplicate
maplight_desc_fr_Ndealkylation1,exact_duplicate
maplight_desc_fr_Ndealkylation2,exact_duplicate
maplight_desc_fr_Nhpyrrole,exact_duplicate
maplight_desc_fr_alkyl_carbamate,exact_duplicate
maplight_desc_fr_alkyl_halide,exact_duplicate
maplight_desc_fr_allylic_oxid,exact_duplicate
maplight_desc_fr_amide,exact_duplicate
maplight_desc_fr_amidine,exact_duplicate
maplight_desc_fr_aniline,exact_duplicate
maplight_desc_fr_aryl_methyl,exact_duplicate
maplight_desc_fr_benzene,exact_duplicate
maplight_desc_fr_bicyclic,exact_duplicate
maplight_desc_fr_ester,exact_duplicate
maplight_desc_fr_ether,exact_duplicate
maplight_desc_fr_furan,exact_duplicate
maplight_desc_fr_halogen,exact_duplicate
maplight_desc_fr_imidazole,exact_duplicate
maplight_desc_fr_imide,exact_duplicate
maplight_desc_fr_ketone,exact_duplicate
maplight_desc_fr_ketone_Topliss,exact_duplicate
maplight_desc_fr_methoxy,exact_duplicate
maplight_desc_fr_morpholine,exact_duplicate
maplight_desc_fr_nitrile,exact_duplicate
maplight_desc_fr_oxazole,exact_duplicate
maplight_desc_fr_para_hydroxylation,exact_duplicate
maplight_desc_fr_phenol,exact_duplicate
maplight_desc_fr_phenol_noOrthoHbond,exact_duplicate
maplight_desc_fr_piperdine,exact_duplicate
maplight_desc_fr_piperzine,exact_duplicate
maplight_desc_fr_priamide,exact_duplicate
maplight_desc_fr_pyridine,exact_duplicate
maplight_desc_fr_sulfide,exact_duplicate
maplight_desc_fr_sulfonamd,exact_duplicate
maplight_desc_fr_sulfone,exact_duplicate
maplight_desc_fr_tetrazole,exact_duplicate
maplight_desc_fr_thiazole,exact_duplicate
maplight_desc_fr_thiophene,exact_duplicate
maplight_desc_fr_unbrch_alkane,exact_duplicate
maplight_desc_fr_urea,exact_duplicate
maplight_desc_qed,exact_duplicate
