SMILES,TARGET
BrC1=CC(Br)=C(Br)C(Br)=C1OC1C(Br)=C(Br)C(Br)=C(Br)C=1Br,2.165073716324685
BrC1=CC(Br)=C(Br)C(OC2=C(Br)C(Br)=C(Br)C(Br)=C2Br)=C1Br,2.15106325335375
BrC1=CC(Br)=C(C=C1)OC1C=CC(Br)=CC=1Br,2.312928032611248
BrC1C(Br)=C(Br)C(Br)=C(Br)C=1Br,3.061452479087193
BrC1C(C2=C(Br)C(Br)=C(Br)C(Br)=C2Br)=C(Br)C(Br)=C(Br)C=1Br,2.46
BrC1C=C(OC2=C(Br)C(Br)=C(Br)C=C2Br)C(Br)=C(Br)C=1Br,2.023663918197793
BrC1C=C(OC2=CC(Br)=C(Br)C(Br)=C2Br)C(Br)=C(Br)C=1Br,2.444669215338866
BrC1C=C(OC2C(Br)=C(Br)C(Br)=C(Br)C=2Br)C(Br)=CC=1Br,2.444669230938525
C#CC1(CCCCC1)OC(N)=O,0.3499999999999999
C#CCNC1CCC2=CC=CC=C21,0.4771212547196624
C#N,-1.971971276399759
C(C(C1CCCCC1)C1CCCCC1)C1CCCCN1,1.98
C(C1C=CC(CN2CCNCCCNCCNCCC2)=CC=1)N1CCNCCCNCCNCCC1,0.6020599913279624
C(C1C=CC=CC=1)N(CC1NCCN=1)C1C=CC=CC=1,0.359835482339888
C1=C2C3=CC=CC=C3C=CC2=CC2=CC=CC=C21,-0.05128764730157355
C1=C2C=CC3C=CC=C4C=3C2=C(C2=CC=CC=C21)C1=CC=CC=C14,1.652274327408537
C1=C2C=CC3C=CC=C4C=CC(=C2C=34)C2=CC=CC=C21,1.029448428882068
C1=CC2=CC=CC=C2C2=CC=CC=C21,1.4036249601895527
C1=CC2C=CC=C3C=CC4=CC=CC1=C4C=23,0.9865622045864108
C1=CC=CC=C1C1C=CC=CC=1,0.28
C1=CC=CC=C1OC1C=CC=CC=1,1.92
C1=NC(=CS1)C1NC2C=CC=CC=2N=1,1.2968285947489924
C1=NC=CN1C(C1C=CC=CC=1)C1C=CC(=CC=1)C1C=CC=CC=1,0.18
C1=NNC=N1,1.079181246047625
C1C(N=C2SCCN21)C1C=CC=CC=1,0.74
C1C=CC=CC=1,1.38
C1CCCC2OC21,-0.4925489390980302
C1COC(NC(C2CC2)C2CC2)=N1,0.919078092376074
C1COC2C=CC=C(C=2O1)N1CCNCC1,0.9138138523837167
C1OC1C1CO1,-0.6320232147054057
C1OC2C=CC=CC=2OC1C1NCCN=1,0.6232492903979004
C=C1CCC2(O)C3CC4C=CC(O)=C5OC1C2(CCN3CC1CC1)C=45,0.9644766069092796
C=CC(=O)N1CC(CCC1)N1N=C(C2C(N)=NC=NC1=2)C1C=CC(=CC=1)OC1C=CC=CC=1,0.6989700043360189
C=CC(N)=O,0.13392431855315048
C=CC(N)CCC(O)=O,0.8750612633917001
C=CC1CO1,-0.9354788159610488
C=CCN(C1C(Cl)=CC=CC=1Cl)C1NCCN=1,0.4969296480732149
C=CCN1CCC23C4OC5C2=C(CC1C3(O)CCC4=O)C=CC=5O,0.4186363512511501
C=CCNC1N=C(N=C(NCC=C)N=1)N1CCN(CC1)C(C1C=CC(F)=CC=1)C1C=CC(F)=CC=1,3.128399268717807
C=CC[N+]12CC(=CCO)C3CC1C1(CC2)C2C3=CN3C4C(=CN2C2C=CC=CC1=2)C1CC2C4(CC[N+]2(CC1=CCO)CC=C)C1C=CC=CC3=1,0.5563025007672873
C=O,-1.080000000000001
CC(=C)CN(CC)C1C(=CC(=CC=1[N+]([O-])=O)C(F)(F)F)[N+]([O-])=O,1.068043048692049
CC(=CC(=O)OC(C)C)OP(=S)(NCC)OC,-0.3094817934934445
CC(=CC(O)=O)C=CC=C(C)C=CC1=C(C)C(C)=C(C=C1C)OC,1.6900980400142571
CC(=CC=CC(C)(O)CC1OC1C(C)C(O)CC)C1OC(=O)CC(O)CCC(C)(O)C(C=CC1C)OC(=O)N1CCN(CC1)C1CCCCCC1,0.9637878273455552
CC(=NOCC1C=C(C(=CC=1)C1CCCCC1)C(F)(F)F)C1C=C(CC)C(CN2CC(C2)C(O)=O)=CC=1,1.477121254719662
CC(=O)C(=O)N1CCCC1C(=O)N(C)C(CC(C)C)C(=O)NC1C(C)CC(=O)C(CC2C=CC(=CC=2)OC)N(C)CC(=O)C2CCCN2C(=O)C(CC(C)C)NC(=O)C(C)C(=O)C(OC(=O)CC(O)C(NC1=O)C(C)CC)C(C)C,1.221414237842339
CC(=O)C(C)OC1=CC(N)=C(Cl)C=C1C(=O)NCCN(CC)CC,0.4313637641589874
CC(=O)C1(CCC2C3C=C(C)C4=CC(=O)CCC4(C)C3CCC12C)OC(C)=O,1.544068044350276
CC(=O)C1(O)CC2C(C(C1)OC1CC(N)C(O)C(C)O1)=C(O)C1=C(C(=O)C3C=CC=CC=3C1=O)C=2O,1.2732713317390654
CC(=O)C1(O)CCC2C3C=C(C)C4=CC(=O)CCC4(C)C3CCC12C,1.53
CC(=O)C1(O)CCC2C3C=C(Cl)C4=CC(=O)C5CC5C4(C)C3CCC12C,1.86
CC(=O)C1=CC(=NN1)C(=O)NC(C)CN1C=CC(=N1)C1C=C(Cl)C(=CC=1)C#N,1.301029995663981
CC(=O)C1C=C(OC)C(=CC=1)OCCCN1CCC(CC1)C1=NOC2=CC(F)=CC=C21,1.255272505103306
CC(=O)C1C=CC(=CC=1)S(=O)(=O)NC(=O)NC1CCCCC1,0.11
CC(=O)C1C=CC(OCCCS(=O)(=O)C2C=CC(=CC=2)C(=O)CCC(O)=O)=C(CCC)C=1O,-1.397940008672037
CC(=O)CC(C1C(=O)OC2C=CC=CC=2C1=O)C1C=CC=CC=1,1.6903257605455349
CC(=O)N(CC(O)CN(C1=C(I)C(=C(I)C(=C1I)C(=O)NCC(O)CO)C(=O)NCC(O)CO)C(C)=O)C1=C(I)C(=C(I)C(=C1I)C(=O)NCC(O)CO)C(=O)NCC(O)CO,0.3222192947339193
CC(=O)N(CC(O)CO)C1C(I)=C(C(I)=C(C=1I)C(=O)NCC(O)CO)C(=O)NCC(O)CO,0.1760912590556812
CC(=O)N(CC(O)COC)C1C(I)=C(C(I)=C(C=1I)C(=O)NCC(O)CO)C(=O)NCC(O)CO,0.3096301674258988
CC(=O)N(CCC(CCN1CCCCC1)(C1=CC=CC=C1Cl)C(N)=O)C(C)C,1.079181246047625
CC(=O)N(O)CCCCCNC(=O)CCC(=O)N(O)CCCCCNC(=O)CCC(=O)N(O)CCCCCN,0.6808170299101431
CC(=O)N=c1[s]c([n][n]1C)S(N)(=O)=O,1.1480640178391188
CC(=O)NC(C1C(CC(C1O)C(O)=O)NC(N)=N)C(CC)CC,1.301029995663981
CC(=O)NC(CO)C(=O)NC(CC(O)=O)C(=O)NC(CCCCN)C(=O)N1CCCC1C(O)=O,-1.096910013008056
CC(=O)NC(CSSCC(N)C(O)=O)C(=O)NC(C)C(=O)NC(CCCNC(N)=N)C(=O)NC(CCCNC(N)=N)C(=O)NC(CCCNC(N)=N)C(=O)NC(C)C(=O)NC(CCCNC(N)=N)C(N)=O,1.60208713303676
CC(=O)NC1C(N)CC(=CC1OC(CC)CC)C(=O)OCC,0.28051499783199063
CC(=O)NC1C(N)CC(=CC1OC(CC)CC)C(O)=O,0.47121166573285195
CC(=O)NC1C(OC(=CC1NC(N)=N)C(O)=O)C(O)C(O)CO,0.346744172665028
CC(=O)NC1C=CC(=CC=1)C(=O)NCCN(CC)CC,0.8080899869919436
CC(=O)NC1C=CC(=CC=1)OCC(O)CNC(C)C,1.086359830674748
CC(=O)NC1C=CC(=CC=1)S(=O)(=O)NC1=CC=CC=N1,0.9045564289334074
CC(=O)NC1CCC2C=C(OC)C(OC)=C(OC)C=2C2=CC=C(OC)C(=O)C=C21,1.6614419454398284
CC(=O)NCCC1=CNC2C=CC(=CC1=2)OC,-0.08087272325757863
CC(=O)NCCCS(O)(=O)=O,1.116131950752238
CC(=O)NO,0.8750612633917001
CC(=O)NS(=O)(=O)C1C=CC(N)=CC=1,1.0
CC(=O)OC(CC)C(CC(C)N(C)C)(C1C=CC=CC=1)C1C=CC=CC=1,1.4358880648671866
CC(=O)OC1=C(CCCCCCCCCCCC)C(=O)C2=CC=CC=C2C1=O,1.535554454011841
CC(=O)OC1C(OC(C)=O)C(COC(C)=O)OC1N1C=CC(=O)NC1=O,0.3521825181113625
CC(=O)OC1CC2C3C=C(OC)C(=CC=3CCN2CC1C(=O)N(CC)CC)OC,0.1139433523068368
CC(=O)OCC1CSC2C(NC(=O)C(=NOC)C3=CSC(N)=N3)C(=O)N2C=1C(O)=O,0.05306041534920828
CC(=O)OCC1CSC2C(NC(=O)CC#N)C(=O)N2C=1C(O)=O,0.1926756847233119
CC(=O)OCC1CSC2C(NC(=O)CC3=CC=CS3)C(=O)N2C=1C(O)=O,-0.021138197355576115
CC(=O)OCC1CSC2C(NC(=O)CSC3C=CN=CC=3)C(=O)N2C=1C(O)=O,0.07959062302381242
CC(=O)SC1CC2=CC(=O)CCC2(C)C2CCC3(C)C(CCC43CCC(=O)O4)C21,-0.7800000000000001
CC(C(O)(CN1C=NC=N1)C1C=CC(F)=CC=1F)S(C)(=O)=O,1.6900980400142571
CC(C(O)=O)C1=CC(=CC=C1)OC1C=CC=CC=1,0.4136846365269127
CC(C(O)=O)C1=CC2NC3C=CC(Cl)=CC=3C=2C=C1,0.9956351945975499
CC(C(O)=O)C1C=CC(=CC=1)C(=O)C1=CC=CS1,0.3281229216346852
CC(C(O)=O)C1C=CC=C(C=1)C(=O)C1C=CC=CC=1,0.3211096473669597
CC(C(O)C1=CC=C(O)C=C1)N1CCC(CC2C=CC=CC=2)CC1,0.6354837468149122
CC(C(O)C1C=CC(O)=CC=1)N1CCC(O)(CC1)C1C=CC=CC=1,0.5691008620334974
CC(C)(C#N)C1C=C(CN2C=NC=N2)C=C(C=1)C(C)(C)C#N,1.6994850021680095
CC(C)(C(=O)N(C)C1=CN=C(C=C1C1=CC=CC=C1C)N1CCN(C)CC1)C1C=C(C=C(C=1)C(F)(F)F)C(F)(F)F,1.7586560231453645
CC(C)(C)C(=O)OCOC(=O)C1N2C(SC1(C)C)C(NC(=O)C(N)C1C=CC=CC=1)C2=O,0.0
CC(C)(C)C(NC(=O)C(CC1CCCC1)CN(O)C=O)C(=O)N1CCN(CC2=CC3OCOC=3C=C2)CC1,0.9731278535996987
CC(C)(C)C(O)(CN1C=NC=N1)CCC1C=CC(Cl)=CC=1,1.7033637413780016
CC(C)(C)C(O)C(OC1=CC=C(C=C1)C1=CC=CC=C1)N1C=NC=N1,0.8899461937411132
CC(C)(C)C(O)C(OC1=CC=C(Cl)C=C1)N1C=NC=N1,0.8585793684778207
CC(C)(C)C1(O)CC2OC(=O)CC32C(=O)OC2OC(=O)C(O)C312,0.27727584377153697
CC(C)(C)C1=CC(=CC(=C1O)C(C)(C)C)C(=O)CCCC#C,1.705007959333336
CC(C)(C)C1=CC=C(CCOC2=NC=NC3=CC=CC=C32)C=C1,0.9046219444381706
CC(C)(C)C1=CN=C(CSC2=CN=C(NC(=O)C3CCNCC3)S2)O1,0.9684829485539351
CC(C)(C)C1C=CC(=CC=1)C(C#N)(C(=O)OCCOC)C(=O)C1=CC=CC=C1C(F)(F)F,1.2360965011377734
CC(C)(C)C1CC2OC(=O)C34OC5OC(=O)C(O)C51C32CC1OC(=O)C(C)C41O,0.5716323410056103
CC(C)(C)C1NC(=O)OC2CC2CCCCCC2=NC3=CC=C(C=C3N=C2OC2CC(C(=O)NC3(CC3C=C)C(=O)NS(=O)(=O)C3CC3)N(C2)C1=O)OC,1.491361693834273
CC(C)(C)CC(=O)OC1=C(C2C(C)=CC(C)=CC=2C)C(=O)OC21CCCC2,1.0626462836928885
CC(C)(C)N1CCOCC1,-0.637384966333543
CC(C)(C)NC(=O)C1CCC2C3CC=C4C=C(CCC4(C)C3CCC21C)C(O)=O,1.431363764158987
CC(C)(C)NC(=O)C1CCC2C3CCC4NC(=O)C=CC4(C)C3CCC21C,0.7781512503836436
CC(C)(C)NC(=O)C1CN(CC2C=NC=CC=2)CCN1CC(O)CC(CC1C=CC=CC=1)C(=O)NC1C(O)CC2C=CC=CC=21,0.03843480778358335
CC(C)(C)NCC(O)C1=CC(Cl)=C(N)C(Cl)=C1,1.57
CC(C)(C)NCC(O)C1C=C(CO)C(O)=CC=1,0.4677382675837811
CC(C)(C)NCC(O)C1C=C(O)C=C(O)C=1,1.1780456295278405
CC(C)(C)NCC(O)COC1=CC=C(C=C1)NC(=O)NC1CCCCC1,1.0406963425791125
CC(C)(C)NCC(O)COC1=CC=CC2C(=O)CCCC=21,0.78
CC(C)(C)NCC(O)COC1C=CC=C2NC(=O)CCC=12,0.6720978579357175
CC(C)(C)OC(=O)NC(C(O)C(=O)OC1CC2(O)C(OC(=O)C3C=CC=CC=3)C3C4(COC4CC(OC)C3(C)C(=O)C(OC)C(=C1C)C2(C)C)OC(C)=O)C1C=CC=CC=1,1.92493993901857
CC(C)(C1=CC(Br)=C(O)C(Br)=C1)C1=CC(Br)=C(O)C(Br)=C1,0.1676174784526386
CC(C)(C1=CC(Br)=C(OCC(Br)CBr)C(Br)=C1)C1=CC(Br)=C(OCC(Br)CBr)C(Br)=C1,1.1964390941157284
CC(C)(CCCCCC(O)CCCCCC(C)(C)C(O)=O)C(O)=O,1.322219294733919
CC(C)(CO)C1=CC2=CC(NC(=O)C3(CC3)C3C=C4OC(F)(F)OC4=CC=3)=C(F)C=C2N1CC(O)CO,1.176091259055681
CC(C)(F)CC(NC(C1C=CC(=CC=1)C1C=CC(=CC=1)S(C)(=O)=O)C(F)(F)F)C(=O)NC1(CC1)C#N,2.03342375548695
CC(C)(N)CC(=O)NC1CCC2=CC=CC=C2N(CC2C=CC(=CC=2)C2=CC=CC=C2C2=NNN=N2)C1=O,0.5797835966168101
CC(C)(N)CC1C=CC(Cl)=CC=1,1.6
CC(C)(N)CC1C=CC=CC=1,1.3355149978319907
CC(C)(O)C(=O)NC1=CC(=C(C=C1)[N+]([O-])=O)C(F)(F)F,0.08509083503443533
CC(C)(O)C(C)C=CC(C)C1CCC2C(CCCC21C)=CC=C1CC(O)CC(O)C1,0.7144152913122692
CC(C)(O)C1C=CC=CC=1CCC(SCC1(CC(O)=O)CC1)C1=CC(C=CC2C=CC3C=CC(Cl)=CC=3N=2)=CC=C1,0.6705846203519181
CC(C)(OC1=CC=C(CCNC(=O)C2C=CC(Cl)=CC=2)C=C1)C(O)=O,0.3
CC(C)(OC1C=CC(=CC=1)C(=O)C1C=CC(Cl)=CC=1)C(O)=O,1.301029995663981
CC(C)(OC1C=CC(Cl)=CC=1)C(=O)OCC,1.3
CC(C)(OC1C=CC(Cl)=CC=1)C(O)=O,1.301029995663981
CC(C)=CCN1CCC2(C)C(C)C1CC1C=CC(O)=CC2=1,0.4514141698131083
CC(C)C(=O)NC1=CC(=C(C=C1)[N+]([O-])=O)C(F)(F)F,0.04057520591493813
CC(C)C(=O)OC1C(O)C(O)C(OC2C(CC)C=C(C)C(O)CC=CC=C(COC3OC(C)C(OC(=O)C4C(O)=C(Cl)C(O)=C(Cl)C=4CC)C(O)C3OC)C(=O)OC(CC=C(C)C=C2C)C(C)O)OC1(C)C,1.068185861746162
CC(C)C(=O)OCC(=O)C12OC(OC1CC1C3CCC4=CC(=O)C=CC4(C)C3C(O)CC21C)C1CCCCC1,-0.06585415599107217
CC(C)C(C(=O)NC(CC(O)C(CC1=CC=CC=C1)NC(=O)COC1=C(C)C=CC=C1C)CC1=CC=CC=C1)N1CCCNC1=O,0.7403626894942439
CC(C)C(CCC(C)C1CCC2C3C(O)CC4CC(CCC4(C)C3CCC12C)NCCCNCCCCN)OS(O)(=O)=O,0.9788618026444238
CC(C)C(CCC(C)C1CCC2C3CC=C4CC(O)CCC4(C)C3CCC12C)CC,2.571009672309305
CC(C)C(NC(=O)C(CCCNC(N)=N)NC(=O)C(N)CC(O)=O)C(=O)NC(CC1=CC=C(O)C=C1)C(=O)NC(C(C)CC)C(=O)NC(CC1=CN=CN1)C(=O)N1CCCC1C(=O)NC(CC1=CC=CC=C1)C(O)=O,-1.795880017344075
CC(C)C(NC(=O)OC)C(=O)N1CC2(CC1C1NC(=CN=1)C1=CC3=C(C=C1)C1C=CC(=CC=1C3(F)F)C1=CC3NC(=NC=3C=C1)C1C3CC(CC3)N1C(=O)C(NC(=O)OC)C(C)C)CC2,1.672097857935718
CC(C)C(O)(C1C=NC=NC=1)C1C=CC(=CC=1)OC(F)(F)F,1.535248841271618
CC(C)C1=C(C(=C(C2C=CC(F)=CC=2)N1CCC(O)CC(O)CC(O)=O)C1C=CC=CC=1)C(=O)NC1C=CC=CC=1,1.1480640178391188
CC(C)C1=CC=CC(C(C)C)=C1O,0.25183755593804996
CC(C)C1=CC=CC(C(C)C)=C1OCOP(O)(O)=O,-0.09151498112135022
CC(C)C1C(=O)NC(CCCNC(N)=N)C(=O)NCC(=O)NC(CC(O)=O)C(=O)NC(CC2C=CC=CC=2)C(=O)N1C,0.5563025007672873
CC(C)C1C2C=CC(F)=CC=2CCC1(CCN(C)CCCC1NC2C=CC=CC=2N=1)OC(=O)COC,1.1119716761534186
CC(C)C1C2CCC1C1C=CC=C(NC(=O)C3=CN(C)N=C3C(F)F)C=12,1.315217104649095
CC(C)C1C=C2C(=CC=1)OC1N=C(N)C(=CC=1C2=O)C(O)=O,0.5420340221751379
CC(C)C1C=CC(=CC=1)NC(=O)N(C)C,1.937407181372718
CC(C)C1CCC(CC1)C(=O)NC(CC1=CC=CC=C1)C(O)=O,0.1780456295278406
CC(C)C1CCC(CC2=CC=C(Cl)C=C2)C1(O)CN1C=NC=N1,1.651348605322297
CC(C)C1N=C(N=C(C=1C=CC(O)CC(O)CC(O)=O)C1C=CC(F)=CC=1)N(C)S(C)(=O)=O,0.6265945322056033
CC(C)CC(C)C1SC=CC=1NC(=O)C1=CN(C)N=C1C(F)(F)F,1.2891935198554991
CC(C)CC(N(C)C)C1(CCC1)C1=CC=C(Cl)C=C1,0.5956963425791125
CC(C)CC(N)C1(CCC1)C1=CC=C(Cl)C=C1,1.204119982655925
CC(C)CC(NC(=O)C(COC(C)(C)C)NC(=O)C(CC1=CC=C(O)C=C1)NC(=O)C(CO)NC(=O)C(CC1=CNC2C=CC=CC1=2)NC(=O)C(CC1=CNC=N1)NC(=O)C1CCC(=O)N1)C(=O)NC(CCCNC(N)=N)C(=O)N1CCCC1C(=O)NNC(N)=O,0.146128035678238
CC(C)CC(NC(=O)C1CCCN1C(=O)C1CSSCC(N)C(=O)NC(CC2=CC=C(O)C=C2)C(=O)NC(C(C)CC)C(=O)NC(CCC(N)=O)C(=O)NC(CC(N)=O)C(=O)N1)C(=O)NCC(N)=O,-0.5228787452803376
CC(C)CC(NC(=O)CC1C=C(OCC)C(=CC=1)C(O)=O)C1=CC=CC=C1N1CCCCC1,-0.04016024912712715
CC(C)CC(NC=O)C(=O)OC(CC1OC(=O)C1CCCCCC)CCCCCCCCCCC,0.1760912590556812
CC(C)CC(O)C(O)C(CC1CCCCC1)NC(=O)C(CC1=CN=CN1)NC(=O)C(CC1=CC=C(C=C1)OC)NC(=O)CC(C)(C)N,0.2355284469075489
CC(C)CC1(CC=C)C(=O)NC(=O)NC1=O,1.544068044350276
CC(C)CC1=CC=C(C=C1)C(C)C(O)=O,0.2559688627092595
CC(C)CC1CN2CCC3=CC(OC)=C(C=C3C2CC1O)OC,1.093760360418232
CC(C)CCCC(C)C1CCC2C(CCCC21C)=CC=C1CC(O)CCC1=C,1.9880640178391191
CC(C)CCCCCCOC(=O)C1=CC=CC=C1C(=O)OCCCCCCC(C)C,0.590445070968725
CC(C)CN1C=NC2=C(N)N=C3C=CC=CC3=C12,1.46686762035411
CC(C)COC(=O)C1C(C2C=CC=CC=2[N+]([O-])=O)C(C(=O)OC)=C(C)N=C1C,1.041392685158225
CC(C)N(C(=O)COC1=NN=C(S1)C(F)(F)F)C1=CC=C(F)C=C1,0.724019245335
CC(C)N(C(C)C)C(=O)SCC(Cl)=C(Cl)Cl,1.9933216056137752
CC(C)N(CCC(C(N)=O)(C1=CC=CC=N1)C1C=CC=CC=1)C(C)C,0.8475490200071284
CC(C)N(CCCCOCC(N)=O)C1=CN=C(C(=N1)C1C=CC=CC=1)C1C=CC=CC=1,0.9912260756924949
CC(C)N1C(=O)N(CSC1=NC(C)(C)C)C1C=CC=CC=1,1.736396502276643
CC(C)N1C2C=CC=CC=2C(=C1C=CC(O)CC(O)CC(O)=O)C1=CC=C(F)C=C1,0.41880195607842124
CC(C)N1CCC(CC1)N(C(=O)CC1C=CC=CC=1)C1C=CC(Cl)=CC=1,0.8114566783214279
CC(C)N1N=CC=C1C1=NC=CC=C1COC1=CC=CC(O)=C1C=O,1.550228353055094
CC(C)N=C(N)N=C(N)NC1C=CC(Cl)=CC=1,1.217483944213906
CC(C)NC(=O)COC1C=C(C=CC=1)C1N=C(NC2C=C3C=NNC3=CC=2)C2=CC=CC=C2N=1,1.278753600952829
CC(C)NCC(O)C1=CC=C(O)C(O)=C1,-0.3872161432802645
CC(C)NCC(O)C1C=C(O)C=C(O)C=1,0.7934290147594087
CC(C)NCC(O)COC1=CC(C)=C(O)C(C)=C1C,0.4913616938342727
CC(C)NCC(O)COC1=CC=C(C=C1C(C)=O)NC(C)=O,1.021189299069938
CC(C)NCC(O)COC1=CC=C(CC(N)=O)C=C1,0.5344708954584252
CC(C)NCC(O)COC1=CC=C(CCOC)C=C1,0.19979418192183565
CC(C)NCC(O)COC1=CC=CC=C1OCC=C,0.13117258566543497
CC(C)NCC(O)COC1C=CC=CC=1CC=C,0.3989700043360188
CC(C)NCC1CCC2=CC(CO)=C(C=C2N1)[N+]([O-])=O,0.29121134041110314
CC(C)O,0.25608810066959947
CC(C)OC(=O)C(C)(C)OC1C=CC(=CC=1)C(=O)C1C=CC(Cl)=CC=1,1.3
CC(C)OC(=O)C1C(C(C(=O)OCCOC)=C(C)N=C1C)C1C=C(C=CC=1)[N+]([O-])=O,-0.2794943931347603
CC(C)OC(=O)NC1=CC(OCC)=C(C=C1)OCC,1.081173169273568
CC(C)OC1=CC=CC=C1N1CCN(CC2=CC(=CC=C2)C(=O)N2CCCCC2)CC1,0.6627578316815741
CC(C)OCCOCC1C=CC(=CC=1)OCC(O)CNC(C)C,1.0
CC(C)OP(=S)(OC(C)C)SCCNS(=O)(=O)C1C=CC=CC=1,0.5380551397083108
CC(C)[N+]1(C)C2CC(CC1CC2)OC(=O)C(CO)C1C=CC=CC=1,0.2579369218558395
CC(C1=CC2=CC=CC=C2S1)N(O)C(N)=O,0.3989700043360188
CC(C1=CN=C(C=C1)C(F)(F)F)S(C)(=O)=NC#N,1.753772093104714
CC(C1C2=CC=CC=C2CC=1CCN(C)C)C1C=CC=CN=1,0.6627578316815741
CC(C1CC1)C(O)(CN1C=NC=N1)C1C=CC(Cl)=CC=1,1.4043076377815331
CC(C1N=CN=CC=1F)C(O)(CN1C=NC=N1)C1=CC=C(F)C=C1F,0.7490940135031001
CC(C1NC(=CN=1)C1C=CC=CC=1)N(CC1=CC(C(O)=O)=C(C=C1)OC)C(=O)C(N)CC1C(C)=CC(=CC=1C)C(N)=O,0.6812412373755872
CC(C=CC(O)C1CC1)C1CCC2C(CCCC21C)=CC=C1CC(O)CC(O)C1=C,0.7403626894942439
CC(CC#CC)C(O)C=CC1C2CC(CC2CC1O)=CCCCC(O)=O,-0.2441251443275086
CC(CC#CCC)C(O)C#CC1C2CC(CC2CC1O)=CCOCCCC(O)=O,-0.3872161432802645
CC(CC(C1C=CC=CC=1)C1C=CC=CC=1)NC(C)(C)C,1.7490940135031
CC(CC(CC1=CC=C(C=C1)C1=CC=CC=C1)NC(=O)CCC(O)=O)C(O)=O,1.060697840353612
CC(CC(CC1C=CC(=CC=1)C1C=CC=CC=1)NC(=O)CCC(O)=O)C(=O)OCC,0.146128035678238
CC(CC)C1(CC)C(=O)NC(=O)NC1=O,2.0
CC(CC1C=C(C(N)=O)C2=C(CCN2CCCO)C=1)NCCOC1=CC=CC=C1OCC(F)(F)F,0.8400770708671866
CC(CC1C=CC(=CC=1)C(C)(C)C)CN1CC(C)OC(C)C1,1.295438724703398
CC(CC1C=CC(=CC=1)C(C)(C)C)CN1CCCCC1,0.7042766768618025
CC(CC1C=CC(O)=CC=1)NCC(O)C1C=C(O)C=C(O)C=1,-0.06024037369069073
CC(CC1C=CC=CC=1)N(C)CC1C=CC=CC=1,1.37
CC(CCC(O)=O)C1CCC2C3C(CCC21C)C1(C)CCC(O)CC1CC3O,0.1522883443830565
CC(CCC1C=CC(O)=CC=1)NCCC1C=C(O)C(O)=CC=1,-1.481486060122112
CC(CCC1C=CC2OCOC=2C=1)NCC(O)C1=CC(=C(O)C=C1)C(N)=O,1.0406963425791125
CC(CCC1C=CC=CC=1)NCC(O)C1C=C(C(O)=CC=1)C(N)=O,0.6018064309500875
CC(CN1C2=CC=CC=C2SC2=CC=CC=C12)N(CC)CC,0.18
CC(CN1C=NC2C(N)=NC=NC1=2)OCP(O)(O)=O,0.8793262271260371
CC(CN1CC(=O)NC(=O)C1)N1CC(=O)NC(=O)C1,0.36007965170297845
CC(CN1CCN(CCOCCO)CC1)CN1C2=CC=CC=C2SC2=CC=CC=C12,0.4927603890268375
CC(CNC1CCCCC1)OC(=O)C1=CC=CC=C1,-0.7800000000000001
CC(CO)(CO)C(=O)OC1CCC(CC1OC)CC(C)C1CC(=O)C(C)C=C(C)C(O)C(OC)C(=O)C(C)CC(C)C=CC=CC=C(C)C(CC2CCC(C)C(O)(O2)C(=O)C(=O)N2CCCCC2C(=O)O1)OC,1.246659304116051
CC(COC1C=CC(=CC=1)OC1C=CC=CC=1)OC1=CC=CC=N1,1.112793735164514
CC(COC1C=CC=CC=1)N(CCCl)CC1C=CC=CC=1,1.380105620855803
CC(CS)C(=O)N1CCCC1C(O)=O,0.3010299956639812
CC(Cl)C(NC(=O)C1CC(CCC)CN1C)C1OC(SC)C(O)C(O)C1O,0.3408101788151751
CC(N)(CC1=CC=C(O)C=C1)C(O)=O,0.5342569699389437
CC(N)(CC1C=C(O)C(O)=CC=1)C(O)=O,0.5987081722484834
CC(N)C(O)C1=CC(=CC=C1OC)OC,0.7888751157754168
CC(N)C12CC3CC(C1)CC(C2)C3,1.5155323035132495
CC(N)C1CCC(N)C(OC2C(O)C(C(OC)C(O)C2N)N(C)C(=O)CN)O1,0.3010299956639812
CC(N)CC1C=CC=CC=1,0.8633228601204559
CC(N)CCCC(C)(C)O,0.3979400086720376
CC(N1CCC(=C)CC1)C(O)(CN1C=NC=N1)C1C=CC(F)=CC=1F,1.47567118832443
CC(NC(=O)C1C=CC(=CC=1)C1C=C[N+]([O-])=CC=1)C(CC1C=C(C=CC=1)C(N)=N)C(=O)OC,0.4771212547196624
CC(NC(C)(C)C)C(=O)C1C=C(Cl)C=CC=1,1.3511096473669595
CC(NC(CCC)C(O)=O)C(=O)N1C2CCCCC2CC1C(O)=O,1.461198998949478
CC(NC(CCC1C=CC=CC=1)C(=O)OCC)C(=O)N1C2CCCC2CC1C(O)=O,0.48
CC(NC(CCC1C=CC=CC=1)C(=O)OCC)C(=O)N1CCCC1C(O)=O,1.04
CC(NC(CCC1C=CC=CC=1)C(O)=O)C(=O)N1C2CCCC2CC1C(O)=O,1.176091259055681
CC(NC(CCC1C=CC=CC=1)C(O)=O)C(=O)N1CC2C=C(OC)C(=CC=2CC1C(O)=O)OC,0.7403626894942439
CC(NC)C(O)C1C=CC=CC=1,0.8590404182398875
CC(NC)C1CCC(N)C(O1)OC1C(O)C(OC2OCC(C)(O)C(NC)C2O)C(N)CC1N,0.6720978579357175
CC(NCCC1C=CC(O)=CC=1)C(O)C1C=CC(O)=CC=1,0.414973347970818
CC(NCCCC1C=C(C=CC=1)C(F)(F)F)C1=CC=CC2=CC=CC=C21,1.4609737069199944
CC(O)(CS(=O)(=O)C1C=CC(F)=CC=1)C(=O)NC1C=C(C(=CC=1)C#N)C(F)(F)F,2.1465074001270477
CC(O)(P(O)(O)=O)P(O)(O)=O,0.5440680443502757
CC(O)C(=O)NC1C(I)=C(C(I)=C(C=1I)C(=O)NC(CO)CO)C(=O)NC(CO)CO,0.3222192947339193
CC(O)C(NC(=O)C1CC(CCC)CN1C)C1OC(SC)C(O)C(O)C1O,0.7402908934145844
CC(O)C1C2C(C)C(SC3CNC(C3)C(=O)NC3C=C(C=CC=3)C(O)=O)=C(C(O)=O)N2C1=O,0.5854608969861931
CC(O)C1C2CC(SCCNC=N)=C(C(O)=O)N2C1=O,-0.01113819735557613
CC(O)C1C2SC(C3CCCO3)=C(C(O)=O)N2C1=O,0.146128035678238
CC(O)C1C2SC(CN)=C(C(O)=O)N2C1=O,-0.3010299956639812
CC(O)C1C2SC(SCCOC(N)=O)=C(C(O)=O)N2C1=O,-0.09691001300805639
CC(O)COC(C)(C)C,0.33000192736367057
CC(OC1=CC(=CN=C1N)C1=CN(N=C1)C1CCNCC1)C1=C(Cl)C=CC(F)=C1Cl,1.6065994458618045
CC(OC1C(Cl)=CC=CC=1Cl)C1NCCN=1,1.0595906230238126
CC(OC1C=CC(=CC=1)OC1=CN=C2C=C(Cl)C=CC2=N1)C(O)=O,-1.5864466826678334
CC(OC1C=CC(=CC=1)OC1=CN=C2C=CC(Cl)=CC2=N1)C(O)=O,1.68304703823885
CC(OC1C=CC(=CC=1)OC1N=CC(Cl)=CC=1F)C(=O)OCC#C,1.379439024022548
CC(OC1OCCN(CC2NNC(=O)N=2)C1C1=CC=C(F)C=C1)C1C=C(C=C(C=1)C(F)(F)F)C(F)(F)F,1.077668018732531
CC(S)C(=O)NCC(O)=O,1.740362689494244
CC1(C)C(=O)N(C(=S)N1C1C=C(F)C(=CC=1)C(=O)NC)C1C=C(C(=CC=1)C#N)C(F)(F)F,2.143014800254095
CC1(C)C(C(O)=O)N2C(CC2=O)S1(=O)=O,0.030348171289556285
CC1(C)C(C1C=C(Cl)C(F)(F)F)C(=O)OC(C#N)C1C=CC=C(C=1)OC1C=CC=CC=1,1.4583760154177896
CC1(C)C(C1C=C(Cl)Cl)C(=O)OC(C#N)C1C=CC=C(C=1)OC1C=CC=CC=1,1.6481164269956532
CC1(C)C(C1C=C(Cl)Cl)C(=O)OCC1C=CC=C(C=1)OC1C=CC=CC=1,1.1742988632387854
CC1(C)C(C=C(Cl)C(F)(F)F)C1C(=O)OCC1C(F)=C(F)C(C)=C(F)C=1F,1.4880412031115569
CC1(C)C(C=C(Cl)Cl)C1C(O)=O,1.524220554317935
CC1(C)C2C(OC(C)=O)C(=O)C3(C)C(C(OC(=O)C4C=CC=CC=4)C1(O)CC(OC(=O)C(O)C(NC(=O)C1C=CC=CC=1)C1C=CC=CC=1)C=2C)C1(COC1CC3O)OC(=O)OC,1.491361693834273
CC1(C)C2C(OC(C)=O)C(=O)C3(C)C(C(OC(=O)C4C=CC=CC=4)C1(O)CC(OC(=O)C(O)C(NC(=O)C1C=CC=CC=1)C1C=CC=CC=1)C=2C)C1(COC1CC3O)OC(C)=O,1.173372027302424
CC1(C)C2C(OC(C)=O)C(=O)C3(C)C(C(OC(=O)C4C=CC=CC=4)C1(O)CC(OC(=O)C(O)C(NC(=O)C1C=CC=CC=1)C1C=CC=CC=1)C=2C)C1(COC1CC3OCSC)OC(C)=O,1.505149978319906
CC1(C)C2C(OC(C)=O)C(=O)C3(C)C(C(OC(=O)C4C=CC=CC=4)C1(O)CC(OC(=O)C(OC(=O)CCC=CCC=CCC=CCC=CCC=CCC=CCC)C(NC(=O)C1C=CC=CC=1)C1C=CC=CC=1)C=2C)C1(COC1CC3O)OC(C)=O,1.778151250383644
CC1(C)C2CCC1(C)C(O)C2NC(=O)NS(=O)(=O)C1=CC=C(C)C=C1,0.9637878273455552
CC1(C)C2CCC3(C)C(CC=C4C5C(C)C(C)CCC5(CCC34C)C(O)=O)C2(C)CCC1O,0.6812412373755872
CC1(C)CCSC2C=CC(=CC1=2)C#CC1C=CC(=CN=1)C(O)=O,1.255272505103306
CC1(C)OC2(C(CC3C4CCC5=CC(=O)C=CC5(C)C4(F)C(O)CC23C)O1)C(=O)CO,0.27228204874802153
CC1(C)OC2C3OC(C)(C)OC3COC2(COS(N)(=O)=O)O1,1.3945995128935003
CC1(C)SC2C(N=C(O)C(N=C(O)NC(N)=N)C3C=CC=CC=3)C(=O)N2C1C(O)=O,0.3201462861110539
CC1(C)SC2C(NC(=O)C(C3=CSC=C3)C(O)=O)C(=O)N2C1C(O)=O,0.013797561719408359
CC1(C)SC2C(NC(=O)C(C3C=CC=CC=3)S(O)(=O)=O)C(=O)N2C1C(O)=O,0.07959062302381242
CC1(C)SC2C(NC(=O)C(N)C3C=CC(O)=CC=3)C(=O)N2C1C(O)=O,-0.03928927127774587
CC1(C)SC2C(NC(=O)C(NC(=O)C3C=NC4C=CC=NC=4C=3O)C3C=CC=CC=3)C(=O)N2C1C(O)=O,0.07918124604762482
CC1(C)SC2C(NC(=O)C(NC(=O)N3CCN(C3=O)S(C)(=O)=O)C3C=CC=CC=3)C(=O)N2C1C(O)=O,0.07959062302381242
CC1(C)SC2C(NC(=O)CC3C=CC=CC=3)C(=O)N2C1C(O)=O,-0.1349509799928716
CC1(C)SC2C(NC(=O)COC3C=CC=CC=3)C(=O)N2C1C(O)=O,-0.07572071393811836
CC1(CCCCC1)C(=O)NC1C=CC(O)=C(Cl)C=1Cl,1.039934167587587
CC1(CO1)C(=O)C(CC(C)C)NC(=O)C(CC1C=CC=CC=1)NC(=O)C(CC(C)C)NC(=O)C(CCC1C=CC=CC=1)NC(=O)CN1CCOCC1,0.02069634257911254
CC1(N=C(O)C2CN(C)C3CC4=CNC5=CC=CC(C3C2)=C45)OC2(O)C3CCCN3C(=O)C(CC(C)C)N2C1=O,0.9464522650130731
CC1(NC(=O)C2CN(C)C3CC4=CNC5=CC=CC(=C45)C3=C2)OC2(O)C3CCCN3C(=O)C(CC3C=CC=CC=3)N2C1=O,0.33146727094842726
CC1(NC(=O)C2CN(C)C3CC4=CNC5C=CC=C(C3C2)C4=5)OC2(O)C3CCCN3C(=O)C(CC3C=CC=CC=3)N2C1=O,0.3473025994667844
CC1(O)C(=O)C2=CC(C)=C(CO)C2=C(C)C21CC2,-0.5228787452803376
CC1(O)CCC2C3CCC4=CC(=O)CCC4(C)C3(F)C(O)CC12C,0.9618939136727775
CC12C=CC(=O)C=C1CCC1C2C(O)CC2(C)C1CCC2(O)C(=O)CO,0.48647297523809757
CC12C=CC(=O)C=C1CCC1C3CC(O)C(O)(C(=O)CO)C3(C)CC(O)C21F,0.35318188207949375
CC12CC(C3C(CCC4=CC(=O)CCC4=3)C1CCC2(O)C#CC)C1=CC=C(C=C1)N(C)C,1.2451268643811204
CC12CC(C3C(CCC4=CC(=O)CCC4=3)C1CCC2(OC(C)=O)C(C)=O)C1=CC=C(C=C1)N(C)C,1.505149978319906
CC12CC3CC(N)(CC(C)(C3)C1)C2,1.8725490200071284
CC12CCC(=O)C=C1CCC1C2C(O)CC2(C)C1CCC2(O)C(=O)CO,0.2020599913279624
CC12CCC(=O)C=C1CCC1C3CCC(O)(C(=O)CO)C3(C)CC(O)C21F,0.54
CC12CCC(CC1CCC1C2CC(O)C2(C)C(CCC21O)C1COC(=O)C=1)OC1CC(O)C(OC2CC(O)C(OC3CC(O)C(O)C(C)O3)C(C)O2)C(C)O1,1.1365274013062054
CC12CCC(CC1CCC1C2CC(O)C2(C)C(CCC21O)C1COC(=O)C=1)OC1CC(O)C(OC2CC(O)C(OC3CC(O)C(OC4OC(CO)C(O)C(O)C4O)C(C)O3)C(C)O2)C(C)O1,1.707570176097936
CC12CCC(CC1CCC1C2CCC2(C)C(CCC21O)C1COC(=O)C=1)OC1CC(O)C(OC2CC(O)C(OC3CC(O)C(O)C(C)O3)C(C)O2)C(C)O1,2.0655045808262975
CC12CCC3C(=O)OCC=3C1CC1OC31C(O)C1(OC1C1OC231)C(C)C,-0.1452955187296145
CC12CCC3C(C1C1CC1C12CCC(=O)O1)C1CC1C1=CC(=O)CCC13C,1.4849792397124175
CC12CCC3C(CC=C4CC(O)CCC43C)C1CC=C2C1C=NC=CC=1,1.079181246047625
CC12CCC3C(CCC4=CC(=O)CCC4=3)C1CCC2(O)CC#N,1.041392685158225
CC12CCC3C(CCC4=CC(O)=CC=C43)C1CCC2(C#C)OS(O)(=O)=O,0.9692414742769675
CC12CCC3C(CCC4=CC(O)=CC=C43)C1CCC2O,0.23022446068913696
CC12CCC3C(CCC4=CC5ON=CC=5CC43C)C1CCC2(O)C#C,0.910127904719463
CC12CCC3C(CCC4C=C(C=CC=43)OC(=O)N(CCCl)CCCl)C1CCC2O,0.8400000000000001
CC12CCC3C(CCC4C=C(C=CC=43)OC(=O)N(CCCl)CCCl)C1CCC2OP(O)(O)=O,0.7568750750409114
CC12CCC3C(CCC4C=C(O)C=CC=43)C1C(O)C(O)C2O,1.431363764158987
CC12CCC3C(CCC4CC(=O)OCC43C)C1CCC2(C)O,1.036925820483543
CC12CCC3C(CCC4CC(C)(O)CCC43C)C1CCC2C(C)=O,1.531478917042255
CC12CCC3C(CCC4CC(O)C(CC43C)N3CCOCC3)C1CC(C2OC(C)=O)[N+]1(CC=C)CCCC1,0.1751240091670814
CC12CCC3C(CCC4CC(O)CCC43C)C1CCC2C(C)=O,0.8131701836875211
CC12CCC3C(CCC4CC(OC(C)=O)C(CC43C)N3CC[N+](C)(C)CC3)C1CC(C2OC(C)=O)N1CC[N+](C)(C)CC1,0.25460126116555143
CC12CCC3C(CCC4NC(=O)C=CC43C)C1CCC2C(=O)NC1=CC(=CC=C1C(F)(F)F)C(F)(F)F,2.922139643030941
CC12CCC3C4CCC(=O)C=C4CCC3C1CC(=C)C2(OC(C)=O)C(C)=O,0.6532125137753437
CC12CCC3C4CCC(=O)C=C4CCC3C1CCC2(O)C#C,0.8899647800422938
CC12CCC3C4CCC(=O)C=C4CCC3C1CCC2O,2.357934847000454
CC1=C(C#CC2=CC(Cl)=NC=C2)N=C(C)N1C1C=CC(F)=CC=1,1.89707700320942
CC1=C(C2C=CC(O)=CC=2)N(CC2C=CC(=CC=2)OCCN2CCCCCC2)C2C=CC(O)=CC=21,1.477121254719662
CC1=C(C=CC=C1C)NC1=CC=CC=C1C(O)=O,0.4771212547196624
CC1=C(CC(O)=O)C2C=C(C=CC=2N1C(=O)C1C=CC(Cl)=CC=1)OC,0.6647968459876948
CC1=C(Cl)C=CC=C1NC1C=CC=CC=1C(O)=O,0.3324384599156053
CC1=CC(=CC(C)=C1)OCC1CNC(=O)O1,0.9571212547196624
CC1=CC(=NC(NC2C=CC=CC=2)=N1)C1CC1,1.4418227116976055
CC1=CC(=O)NO1,0.9788763404385941
CC1=CC(C)(C)NC2C=CC(=CC1=2)OCC,-0.3979400086720376
CC1=CC(C)=CC=C1,0.9741780278917398
CC1=CC(C)C(=O)CC(OC(=O)C2CCCCN2C(=O)C(=O)C2(O)OC(CC(OC)C(C)=CC=CC=CC(C)CC(C)C(=O)C(OC)C1O)CCC2C)C(C)CC1CC(OC)C(O)CC1,1.792391689498254
CC1=CC(CN2CCN(CC2)C(C2C=CC=CC=2)C2C=CC(Cl)=CC=2)=CC=C1,0.760181344747122
CC1=CC(NC(=O)C2C(=O)C3C=CC=CC=3S(=O)(=O)N2C)=NO1,1.518513939877888
CC1=CC(NC2N=CC(Cl)=C(NC3=CC=CC=C3S(=O)(=O)C(C)C)N=2)=C(C=C1C1CCNCC1)OC(C)C,1.612783856719735
CC1=CC(NS(=O)(=O)C2C=CC(N)=CC=2)=NO1,0.9956130378462474
CC1=CC(O)=C2C3C1=C1C(CO)=CC(O)=C4C1=C1C=3C3=C(C5=C1C(C4=O)=C(O)C=C5O)C(O)=CC(O)=C3C2=O,1.3005149978319905
CC1=CC(O)=C2C3C1=C1C4C(C(=O)C5C6=C(C7=C(C(C2=O)=C(O)C=C7O)C=3C=46)C(O)=CC=5O)=C(O)C=C1C,1.6216246451989504
CC1=CC(OC)=C(OC)C(OC)=C1C(=O)C1C(=NC=C(Cl)C=1C)OC,1.468269356078965
CC1=CC2=C(C(C=O)=C(O)C(O)=C2C(C)C)C(O)=C1C1=C(O)C2C(C=O)=C(O)C(O)=C(C(C)C)C=2C=C1C,1.4314871664225306
CC1=CC2=C(C=C1C(=C)C1C=CC(=CC=1)C(O)=O)C(C)(C)CCC2(C)C,0.8475490200071284
CC1=CC2=C(C=C1C)N=C1C(=NC(=O)NC1=O)N2CC(O)C(O)C(O)CO,-0.03151705144606486
CC1=CC2C(=CC=CC=2OCC(O)CNC(C)C)N1,0.6637009253896482
CC1=CC2C=CC(Cl)=C(C(O)=O)C=2N=C1,0.6173094059525743
CC1=CC=C(C)C2=CC=CC=C12,0.8976270912904415
CC1=CC=C(C=C1)C(=CCN1CCCC1)C1=CC=CC(C=CC(O)=O)=N1,0.2787536009528289
CC1=CC=C(C=C1)C(=CCN1CCCC1)C1=CC=CC=N1,0.5111096473669596
CC1=CC=C(C=C1)C(=O)C1C=C(C(O)=C(O)C=1)[N+]([O-])=O,0.04069634257911255
CC1=CC=C(Cl)C(NC2=CC=CC=C2C(O)=O)=C1Cl,0.1139433523068368
CC1=CC=C(NC(=O)C2(CC2)C2C=C3OC(F)(F)OC3=CC=2)N=C1C1C=C(C=CC=1)C(O)=O,1.401400540781544
CC1=CC=CC=C1N1C(=O)C(=CC2=CC(Cl)=C(C=C2)OCC(O)CO)SC1=NCCC,1.517854918913931
CC1=CC=CC=C1OCC1=CC=CC=C1C(=NOC)C(=O)OC,1.3344030462233245
CC1=CC=CC=C1S(=O)(=O)NC(=O)C1C=C(OC)C(CC2=CN(C)C3=CC=C(C=C23)NC(=O)OC2CCCC2)=CC=1,1.0
CC1=CC=CC=CC(C)CC(C)C(=O)C(OC)C(O)C(C)=CC(C)C(=O)CC(OC(=O)C2CCCCN2C(=O)C(=O)C2(O)OC(CC1OC)CCC2C)C(C)CC1CC(OC)C(CC1)N1C=NN=N1,1.544068044350276
CC1=CC=CN2C(=O)C(=CN=C21)C1NN=NN=1,0.6532125137753437
CC1=CC=NC(NS(=O)(=O)C2C=CC(N)=CC=2)=N1,1.307496037913213
CC1=CC=NC2=C1NC(=O)C1=CC=CN=C1N2C1CC1,0.7721963888956241
CC1=CN(C2CC(N=[N+]=[N-])C(CO)O2)C(=O)NC1=O,-0.011301640839451121
CC1=CN(C2CC(O)C(CO)O2)C(=O)NC1=O,1.4141800054904659
CC1=CN=C(C=C1)C1C=CC(C)=CN=1,1.322219294733919
CC1=CN=C(CS(=O)C2NC3C=C(C=CC=3N=2)OC)C(C)=C1OC,-0.15481368838715853
CC1=CN=C(N=C1NC(CCC)C1=CN=CC=C1)C1=CC(OC)=C(C=C1)NC(=O)NCC,0.4623979978989561
CC1=CN=C(NC2C=CC(=CC=2)OCCN2CCCC2)N=C1NC1C=C(C=CC=1)S(=O)(=O)NC(C)(C)C,2.056904851336473
CC1=CN=C(NCCCN(C)C)C2=C1NC1C=CC3C=C(O)C=CC=3C=12,1.278753600952829
CC1=CN=C2C(CCC(=O)OC)N=C(C3=CC=CC=N3)C3C=C(Br)C=CC=3N12,-0.1249387366082999
CC1=CN=CN1,0.4498413413930235
CC1=CNN=C1,0.6454222693490919
CC1=CSC(=C1NC(=O)C(C)NCCC)C(=O)OC,0.3718122805023863
CC1=NC(COCCN)=C(C(C1C(=O)OC)C1C=CC=CC=1Cl)C(=O)OCC,1.531478917042255
CC1=NC=C(N1CC(O)CN1CCOCC1)[N+]([O-])=O,0.7923916894982539
CC1=NC=C(N1CCO)[N+]([O-])=O,0.8506291743595376
CC1=NC=C2CN=C(C3=CC=CC=C3F)C3=CC(Cl)=CC=C3N21,0.17109874964198965
CC1=NN(C)C(F)=C1C(=O)NC1=CC=CC=C1C(C)CC(C)C,1.380211241711606
CC1=NN=C(C(=O)N1N)C1C=CC=CC=1,1.0709224954141314
CC1=NN=C(NS(=O)(=O)C2C=CC(N)=CC=2)S1,0.74
CC1=NN=C(S1)SCC1CSC2C(NC(=O)C(O)C3C=CC=CC=3)C(=O)N2C=1C(O)=O,0.0
CC1=NN=C(S1)SCC1CSC2C(NC(=O)CN3C=C(Cl)C(=O)C(Cl)=C3)C(=O)N2C=1C(O)=O,0.2810333672477275
CC1=NN=C(S1)SCC1CSC2C(NC(=O)CN3C=NN=N3)C(=O)N2C=1C(O)=O,0.23643035662039502
CC1=NN=C2CN=C(C3=CC(Cl)=CC=C3N21)C1C=CC=CC=1,0.15276600994592043
CC1=NN=C2CN=C(C3=CC=CC=C3Cl)C3C=C(Br)SC=3N21,0.6806206186877937
CC1C(=C(Cl)[N+]([O-])=C(C)C=1Cl)C1N=C(ON=1)C1C=C(O)C(O)=C(C=1)[N+]([O-])=O,0.1760912590556812
CC1C(=CC2=CC=C(C=C2)SC)C2C=CC(F)=CC=2C=1CC(O)=O,1.214843848047698
CC1C(=CC2=CC=C(C=C2)[S+](C)[O-])C2=CC=C(F)C=C2C=1CC(O)=O,0.8910473013452402
CC1C(=CC=CC=1O)C(=O)NC(CSC1C=CC=CC=1)C(O)CN1CC2CCCCC2CC1C(=O)NC(C)(C)C,0.6291944650251557
CC1C(=CC=NC=1CS(=O)C1NC2=CC(=CC=C2N=1)N1C=CC=C1)OC,0.5550944485783191
CC1C(=CC=NC=1CS(=O)C1NC2=CC=CC=C2N=1)OCC(F)(F)F,0.0
CC1C(=CC=NC=1CS(=O)C1NC2C=CC=CC=2N=1)OCCCOC,0.0
CC1C(=O)C2=C(C(COC(N)=O)C3(OC)C4NC4CN32)C(=O)C=1N,-0.1191864077192086
CC1C(CC(NC(=O)C2C=C3CC4(CC3=NC=2)C2=CC=CN=C2NC4=O)C(=O)N1CC(F)(F)F)C1C=CC=CC=1,0.7781512503836436
CC1C(CNC2C=C(OC)C(OC)=C(C=2)OC)=CC=C2N=C(N)N=C(N)C=12,1.230224460689137
CC1C(F)=CC2=NC3=C(CN4C3=CC(=C(CO)C4=O)C(O)(CC)C(O)=O)C3C(N)CCC=1C=32,0.8260748027008264
CC1C(SC(=O)N1C(=O)NC1CCCCC1)C1C=CC(Cl)=CC=1,1.258116875390187
CC1C2C(C(C)O)C(=O)N2C(=C1SC1CC(CNS(N)(=O)=O)NC1)C(O)=O,0.03959062302381241
CC1C2C(C(C)O)C(=O)N2C(C([O-])=O)=C1SC1CN2C=NC=[N+]2C1,0.04139268515822508
CC1C=C(C(=CC=1C(=O)NC(N)=N)S(C)(=O)=O)N1C=CC=C1,0.3412113404111031
CC1C=C(C)N=C(NC2C=CC=CC=2)N=1,0.9661545282276705
CC1C=C(C2CCCCC2)N(O)C(=O)C=1,0.2304489213782739
CC1C=C(C=C(C)C=1C(O)C1=CC(=CC=C1C)N1C=NC=C1)C(O)=O,0.3747483460101039
CC1C=C(C=C(C)C=1SC)OC(=O)NC,1.1438084117636311
CC1C=C(C=C(C=1)P(=O)(OC)C1=C(NC2=CC=C(Cl)C=C21)C(N)=O)C=CC#N,0.6434526764861874
CC1C=C(C=CC=1)N1CC(CO)OC1=O,0.2020599913279624
CC1C=C(C=CC=1)NC1C=CN=CC=1S(=O)(=O)NC(=O)NC(C)C,0.7087850880489681
CC1C=C(C=CC=1)OCC(O)CNCCC1=CC(OC)=C(C=C1)OC,0.27937680047641444
CC1C=C(C=CC=1[N+]([O-])=O)OP(=S)(OC)OC,0.4771212547196624
CC1C=C(CC)C(=C(CC)C=1)C1C(=O)N2CCOCCN2C=1OC(=O)C(C)(C)C,0.9537937467592363
CC1C=C(Cl)C=CC=1OCC(O)=O,1.304537694859169
CC1C=C(N=C2C=1C(OC1C=C(C=CC=1)C(F)(F)F)=C(C=C2NC(C)CCCN)OC)OC,2.597695185925512
CC1C=C2C(=CC=1)C(=NC(=O)N2C(C)C)C1C=CC=CC=1,0.1038037209559569
CC1C=C2C(=CC=1)C(C)(C)OC1C=C(CCCCC)C=C(O)C=12,1.40671045860979
CC1C=CC(=C(C=1)C(=O)N1CCN(CCC1C)C1=NC2C=C(Cl)C=CC=2O1)N1N=CC=N1,1.0474800012183332
CC1C=CC(=CC=1)C(=O)C1=CC=C(CC(O)=O)N1C,0.7
CC1C=CC(=CC=1)C1=CC(=NN1C1C=CC(=CC=1)S(N)(=O)=O)C(F)(F)F,1.0446090113350905
CC1C=CC(=CC=1)N(CC1NCCN=1)C1=CC(O)=CC=C1,-0.051029995663981254
CC1C=CC(=CC=1)S(=O)(=O)NC(=O)NCCCC,0.7548471820761646
CC1C=CC(=CC=1)S(=O)(=O)NC(=O)NN1CC2CCCC2C1,1.127421924023849
CC1C=CC(=CC=1)S(=O)(=O)NC(=O)NN1CCCCCC1,0.8475490200071284
CC1C=CC(=CC=1NC1N=C(C=CN=1)C1C=NC=CC=1)C(=O)NC1C=C(C=C(C=1)N1C=NC(C)=C1)C(F)(F)F,1.230448921378274
CC1C=CC(=CC=1S(N)(=O)=O)NC1N=C(C=CN=1)N(C)C1=CC2=NN(C)C(C)=C2C=C1,1.489958479424835
CC1C=CC(=CC=1[N+]([O-])=O)[N+]([O-])=O,0.3
CC1C=CC(=NC=1)S(=O)(=O)NC1N=C(N=C(OC)C=1OC1=CC=CC=C1OC)C1C=CN=CC=1,0.8573324964312685
CC1C=CC(Cl)=C(NS(=O)(=O)C2N=C3N=C(C=C(OC)N3N=2)OC)C=1Cl,1.9269992319835523
CC1C=CC(O)=C(C=1)C(CCN(C(C)C)C(C)C)C1C=CC=CC=1,0.3537470791251957
CC1C=CC2=C(N=1)N(CC)C=C(C(O)=O)C2=O,0.7781512503836436
CC1C=CC2=CC=CC=C2C=1C,1.399290797364274
CC1C=CC=C(C)C=1NC(=O)C(C)N,1.0795906230238126
CC1C=CC=C(C)C=1NC(=O)CN(CC)CC,0.07872500458957186
CC1C=CC=C(C)C=1NC(=O)NCCCNC(C)C,0.6994850021680095
CC1C=CC=C(C)C=1OCC(C)N,0.997817597298775
CC1C=CC=C(CC)C=1N(COC(C)C)C(=O)CCl,2.0554571928352656
CC1C=CC=C2C=1N=C1C(=CC=CC1=C2NC1C=CC(=CC=1OC)NS(C)(=O)=O)C(=O)NC,0.380211241711606
CC1C=CC=C2C=C(C)C=CC=12,1.845718017966659
CC1C=CC=C2SC3=NN=CN3C2=1,1.629409599102719
CC1C=CC=CC=1,0.398196479072001
CC1C=CC=CC=1C,1.04690138739475
CC1C=CC=CC=1C1C(=N)N(C(=O)SCC=C)N(C(C)C)C1=O,1.177391481698975
CC1C=CC=CC=1OC(CCNC)C1C=CC=CC=1,0.7180016718173996
CC1C=CC=NC=1NS(=O)(=O)C1C=CC(=CC=1)C#CC1=CC(=C(O)C=C1)C(O)=O,1.204119982655925
CC1C=CCNC(=O)C=CC(C)C(OC(=O)C2C(CCN2C(=O)C2=COC(CC(=O)CC(O)C=1)=N2)S(=O)(=O)CCN(CC)CC)C(C)C,-0.1428351201273835
CC1C=CN(N=1)C1C=C(Cl)C=CC=1C(OC1C=C(N=C(N)N=1)C1C=CC(CC(N)C(O)=O)=CC=1)C(F)(F)F,0.6989700043360189
CC1C=CN=C(C(C)C)C=1[n]1c2[n]c(C3=C(O)C=CC=C3F)c(F)cc2c([n]c1=O)N1CCN(CC1C)C(=O)C=C,0.6989700043360189
CC1C=CSC=1C(=CCCN1CC(CCC1)C(O)=O)C1SC=CC=1C,0.9676966623306479
CC1C=NC(=CN=1)C(=O)NCCC1C=CC(=CC=1)S(=O)(=O)NC(=O)NC1CCCCC1,0.5192569699389438
CC1CC(=O)N(N=1)C1C=CC=CC=1,0.5465356531880318
CC1CC2=CC(=O)CCC2C2CCC3(C)C(O)CCC3C12,-0.1870866433571444
CC1CC2C(C(=O)O1)=C(O)C(=CC=2Cl)C(=O)NC(CC1C=CC=CC=1)C(O)=O,2.15481508371295
CC1CC2C(C(O)CC3(C)C2CCC3(O)C(=O)CO)C2(C)C=CC(=O)C=C21,0.36086391800879636
CC1CC2C(CCC3(C)C2CCC3(OC(C)=O)C(C)=O)C2(C)CCC(=O)C=C21,1.08278537031645
CC1CC2C3CC(F)C4=CC(=O)C=CC4(C)C3(F)C(O)CC2(C)C1(O)C(=O)SCF,0.78
CC1CC2C3CC(F)C4=CC(=O)C=CC4(C)C3(F)C(O)CC2(C)C1(OC(=O)CC)C(=O)SCF,0.8890756251918218
CC1CC2C3CC(F)C4=CC(=O)C=CC4(C)C3C(O)CC2(C)C1C(=O)CO,0.1139433523068368
CC1CC2C3CCC4=CC(=O)C=CC4(C)C3(Cl)C(O)CC2(C)C1(O)C(=O)CCl,0.76
CC1CC2C3CCC4=CC(=O)C=CC4(C)C3(Cl)C(O)CC2(C)C1(O)C(=O)CO,0.07499999999999998
CC1CC2C3CCC4=CC(=O)C=CC4(C)C3(Cl)C(O)CC2(C)C1(OC(=O)C1=CC=CO1)C(=O)CCl,0.7034403350245624
CC1CC2C3CCC4=CC(=O)C=CC4(C)C3(Cl)C(O)CC2(C)C1(OC(=O)CC)C(=O)COC(=O)CC,-0.3010299956639812
CC1CC2C3CCC4=CC(=O)C=CC4(C)C3(F)C(O)CC2(C)C1(O)C(=O)CO,0.6581948755365976
CC1CC2C3CCC4=CC(=O)C=CC4(C)C3C(O)CC2(C)C1(C)C(=O)OC,0.1760912590556812
CC1CC2C=CC=CC=2N1NC(=O)C1=CC(=C(Cl)C=C1)S(N)(=O)=O,1.146128035678238
CC1CCC2C(=C(F)C=C3C=2N1C=C(C(O)=O)C3=O)N1CCC(O)CC1,0.7810369386211319
CC1CCC2C(C=1)C1=C(O)C=C(CCCCC)C=C1OC2(C)C,1.519256969938944
CC1CCCC(C)(C)C=1C=CC(C)=CC=CC(C)=CC(O)=O,0.07272085336504594
CC1CCCC(C)N1CCCC(O)(C1=CC=CC=N1)C1C=CC=CC=1,0.9221396430309409
CC1CN(CC(C)N1)C1=C(F)C2=C(C(N)=C1F)C(=O)C(=CN2C1CC1)C(O)=O,1.301029995663981
CC1CN(CC(CC2C=CC=CC=2)C(=O)NCC(O)=O)CCC1(C)C1=CC(O)=CC=C1,1.0001346350930091
CC1CN(CC(N)C1)C1C=CC2C(=O)C(=CN(C3CC3)C=2C=1OC)C(O)=O,1.130333768495006
CC1CN(CCN1)C1=CC2=C(C=C1F)C(=O)C(=CN2C1=CC=C(F)C=C1F)C(O)=O,0.9
CC1CN(CCN1)C1C(F)=CC2=C(C=1OC)N(C=C(C(O)=O)C2=O)C1CC1,1.0
CC1CNC(=O)C(CC)(CC)C1=O,1.0018939136727776
CC1CNC(C2CC2)C(=O)N(C)C(C)C(=O)NC(CC2C=CC(F)=CC=2)C(=O)NCCCC2=CC=CC=C2O1,1.071882007306125
CC1COC(CN2C=NC=N2)(O1)C1C=CC(=CC=1Cl)OC1C=CC(Cl)=CC=1,1.6667409975367795
CC1COC2C3=C(C=C(F)C=2C2(N)CC2)C(=O)C(=CN31)C(O)=O,0.3222192947339193
CC1CS(=O)(=O)CCN1N=CC1=CC=C(O1)[N+]([O-])=O,0.4771212547196624
CC1CSC2C(NC(=O)C(=NOC)C3=CSC(N)=N3)C(=O)N2C=1C(O)=O,0.3211096473669597
CC1CSC2C(NC(=O)C(N)C3C=CC(O)=CC=3)C(=O)N2C=1C(O)=O,0.04069634257911255
CC1CSC2C(NC(=O)C(N)C3C=CC=CC=3)C(=O)N2C=1C(O)=O,-0.2420625721637543
CC1CSC2C(NC(=O)C(N)C3CC=CCC=3)C(=O)N2C=1C(O)=O,-0.07029053714285366
CC1N(CCOC)C2=C(C(=O)C3=CC=CC=C3C2=O)[N+]=1CC1C=NC=CN=1,1.394451680826216
CC1N=C(C(F)=C(NNC(=O)C(CC2CCCC2)CN(O)C=O)N=1)N1CC2COCCN2CC1,0.6232492903979004
CC1N=C(CCC)N2NC(=NC(=O)C2=1)C1=CC(=CC=C1OCC)S(=O)(=O)N1CCN(CC1)CC,0.6516062568876719
CC1N=C(N=C(NC(=O)NS(=O)(=O)C2=CC=CC=C2Cl)N=1)OC,1.1123715189218606
CC1N=C(NCC)N=C(OS(=O)(=O)N(C)C)C=1CCCC,1.745341739936656
CC1N=C(OC)C(NC2NCCN=2)=C(Cl)N=1,0.3424226808222063
CC1N=C(SC=1C(O)=O)C1C=C(C#N)C(=CC=1)OCC(C)C,0.8129133566428556
CC1N=C2CCCCN2C(=O)C=1CCN1CCC(CC1)C1=NOC2C=C(F)C=CC=21,0.507574989159953
CC1N=C2SC=CN2C(=O)C=1CCN1CCC(CC1)=C(C1C=CC(F)=CC=1)C1C=CC(F)=CC=1,1.602059991327962
CC1N=CC(CO)=C(CO)C=1O,-0.3010299956639812
CC1N=CSC=1CCCl,0.6532125137753437
CC1NC(=O)C2C=C(CN(C)C3=CC=C(S3)C(=O)NC(CCC(O)=O)C(O)=O)C=CC=2N=1,2.146128035678238
CC1NC2=CC=CC=C2C=1CCNCC1C=CC(=CC=1)C=CC(=O)NO,1.3427365098613795
CC1NC2C=C(C)C(CN(CC#C)C3=CC(F)=C(C=C3)C(=O)NC(CCC3N=NNN=3)C(O)=O)=CC=2C(=O)N=1,1.894869656745253
CC1NC2CCC(CN3CCOCC3)C(=O)C=2C=1CC,0.3010299956639812
CC1NC=NC=1CSCCN=C(NC#N)NC,-0.006030276636402571
CC1NS(=O)(=O)C2=CC(Cl)=CC=C2N=1,1.6806206186877934
CC1OC(=O)C2CC3CC(CCC3C(C=CC3=CC=C(C=N3)C3C=CC=C(F)C=3)C12)NC(=O)OCC,2.228243748557912
CC1OC(C(O)C1O)N1C=C(F)C(NC(=O)OCCCCC)=NC1=O,-0.12246936830414995
CC1OC(C(O)C1O)[n]1cc(F)c(=O)[nH]c1=O,-0.4579659778248622
CC1OC(CC(C1O)N1CCOCC1)OC1CC(O)(CC)C(O)C2C1=C(O)C1=C(C(=O)C3C=CC=C(O)C=3C1=O)C=2O,1.02938377768521
CC1OC(CC(N)C1O)OC1C(O)CC(OC2CC(O)(CC3C2=C(O)C2=C(C(=O)C4=CC=CC=C4C2=O)C=3O)C(=O)CO)OC1C,1.322219294733919
CC1OC(CC(N)C1O)OC1CC(O)(CC2C1=C(O)C1C(=O)C3=C(C=CC=C3C(=O)C=1C=2O)OC)C(=O)CO,1.5041279180385445
CC1OC(CC(N)C1OCC1C=CC=CC=1)OC1CC(O)(CC2C1=C(O)C1=C(C(=O)C3C=CC=C(OC)C=3C1=O)C=2O)C(=O)CO,1.539076098792777
CC1OC1P(O)(O)=O,0.43820948554177347
CC1OC2C(CO1)OC(OC1C3COC(=O)C3C(C3=CC4OCOC=4C=C31)C1=CC(OC)=C(O)C(=C1)OC)C(O)C2O,0.7969787063547304
CC1ON=C(C=1C(=O)NC1C2SC(C)(C)C(C(O)=O)N2C1=O)C1=C(F)C=CC=C1Cl,0.148064017839119
CC1ON=C(C=1C(=O)NC1C2SC(C)(C)C(C(O)=O)N2C1=O)C1C(Cl)=CC=CC=1Cl,-0.057758663924915674
CC1ON=C(C=1C(=O)NC1C2SC(C)(C)C(C(O)=O)N2C1=O)C1C=CC=CC=1,-0.2019773185499081
CC1SC=C(C)C=1N(C(C)COC)C(=O)CCl,1.177529935835162
CC=C1CC(=C)C(O)(CO)C(=O)OCC2=CCN3CCC(OC1=O)C32,0.5571924534588424
CC=CC1=CC(OC)=C(C=C1OC)OC,0.568201724066995
CC=CC1CSC2C(NC(=O)C(N)C3C=CC(O)=CC=3)C(=O)N2C=1C(O)=O,0.09104153278482054
CCC(=C(C1C=CC=CC=1)C1C=CC(=CC=1)OCCN(C)C)C1C=CC=CC=1,2.159181246047625
CCC(=O)N(C1C=CC=CC=1)C1(CCN(CCC(=O)OC)CC1)C(=O)OC,-0.3494850021680094
CCC(=O)NCC1CC1C1C=CC=C2OCCC=12,-0.005497692150731551
CCC(=O)OC(CC1C=CC=CC=1)(C(C)CN(C)C)C1C=CC=CC=1,1.1565050048475436
CCC(=O)OC(CC1C=CC=CC=1)(C(C)CNC)C1C=CC=CC=1,1.518513939877888
CCC(C)(C)C(=O)OC1CC(C)C=C2C=CC(C)C(CCC(O)CC(O)CC(O)=O)C21,0.6812412373755872
CCC(C)(C)C(=O)OC1CC(C)C=C2C=CC(C)C(CCC3CC(O)CC(=O)O3)C21,0.5666062568876719
CCC(C)(C)NCC(O)COC1C=CC=CC=1C(=O)CCC1C=CC=CC=1,0.1780456295278406
CCC(C)C(=O)OC1CC(C)C=C2C=CC(C)C(CCC(O)CC(O)CC(O)=O)C21,0.146128035678238
CCC(C)C(=O)OC1CC(C)C=C2C=CC(C)C(CCC3CC(O)CC(=O)O3)C21,0.5441062568876719
CCC(C)C(=O)OC1CC(O)C=C2C=CC(C)C(CCC(O)CC(O)CC(O)=O)C21,0.1941223692645955
CCC(C)N(C)C(=O)C1=CC2C=CC=CC=2C(=N1)C1=CC=CC=C1Cl,0.568201724066995
CCC(C)NC1C(=CC(=CC=1[N+]([O-])=O)C(C)(C)C)[N+]([O-])=O,1.504541092906613
CCC(CO)NC(=O)C1CN(C)C2CC3=CNC4C=CC=C(C3=4)C2=C1,0.442457142202032
CCC1(C(=O)NCNC1=O)C1C=CC=CC=1,1.11
CCC1(C(C)CCC)C(=O)NC(=O)NC1=O,1.341211340411103
CCC1(C)CC(=O)NC1=O,1.749075625191822
CCC1(C2C=CC=CC=2)C(=O)NC(=O)N(C)C1=O,1.53
CCC1(C2C=CC=CC=2)C(=O)NC(=O)NC1=O,2.072193223640321
CCC1(CC2C=CC=CC=2C1)C1=CN=CN1,0.2304489213782739
CCC1(CCC(=O)NC1=O)C1C=CC(N)=CC=1,1.098455006504028
CCC1(CN(C)CCCC1)C1C=CC=C(O)C=1,0.23022446068913696
CCC1(O)C2C=C3C4=NC5=CC=C(O)C=C5C(CC)=C4CN3C(=O)C=2COC1=O,1.255272505103306
CCC1(O)CN2CCC1CC2C(O)C1=CC=NC2C=CC(=CC=21)OC,0.8260748027008264
CCC12CC(=C)C3C4CCC(=O)C=C4CCC3C1CCC2(O)C#C,1.421602543008716
CCC12CC(=C)C3C4CCCC=C4CCC3C1CCC2(O)C#C,1.44
CCC12CCC3C4CCC(=O)C=C4CCC3C1C=CC2(O)C#C,1.0
CCC12CCC3C4CCC(=O)C=C4CCC3C1CCC2(O)C#C,1.1680764124162515
CCC12CCC3C4CCC(C=C4CCC3C1CCC2(O)C#C)=NO,1.506505032404872
CCC1=CC(=CC=N1)C(N)=S,0.3416506143517748
CCC1=CC2C(=NCC(=O)N(C)C=2S1)C1=CC=CC=C1Cl,0.6
CCC1=CC2C(=O)C3=C(NC4C=C(C=CC=43)C#N)C(C)(C)C=2C=C1N1CCC(CC1)N1CCOCC1,1.293349900812025
CCC1=NC(N)=NC(N)=C1C1C=CC(Cl)=CC=1,2.1480640178391193
CCC1=NC2C(N)=NC3=CC=CC=C3C=2N1CCCCNS(C)(=O)=O,0.8512583487190752
CCC1=NN(CCCN2CCN(CC2)C2=CC(Cl)=CC=C2)C(=O)N1CCOC1C=CC=CC=1,0.07959062302381242
CCC1C(CC(=O)N(CCOC)CCOC)=C(C(=O)C2=CC(OC)=C(C=C2)OCCN2CCOCC2)C(O)=CC=1O,0.7737864449811935
CCC1C=CC=C2C=C(OC2=1)C(O)CNC(C)(C)C,0.36086391800879636
CCC1C=NC(CCOC2C=CC(CC3SC(=O)NC3=O)=CC=2)=CC=1,0.6994850021680095
CCC1CN2CCC1CC2C(O)C1=CC=NC2=CC=C(C=C12)OC,0.7579374278362457
CCC1OC(=O)C(C)C(OC2CC(C)(OC)C(O)C(C)O2)C(C)C(OC2OC(C)CC(C2O)N(C)C)C(C)(CC(C)C(=O)C(C)C(O)C1(C)O)OC,0.6126546408629314
CCC=CCC=CCC=CCC=CCC=CCCCC(O)=O,1.949390006644913
CCCBr,-0.07620693155921647
CCCC(=O)N1CCCN(CC1)C1=NC2=CC(OC)=C(C=C2C(N)=N1)OC,0.3005149978319906
CCCC(C(=O)C1C=C2OCOC2=CC=1)N1CCCC1,0.1568508520907241
CCCC(C)(COC(N)=O)COC(=O)NC(C)C,0.6005149978319906
CCCC(C)(COC(N)=O)COC(N)=O,1.1480640178391188
CCCC(C)C1(CC=C)C(=O)NC(=S)NC1=O,1.02383209730078
CCCC(NC(=O)C1C2CCCC2CN1C(=O)C(NC(=O)C(NC(=O)C1C=NC=CN=1)C1CCCCC1)C(C)(C)C)C(=O)C(=O)NC1CC1,0.6434526764861874
CCCC1=NC(=C(C(O)=O)N1CC1C=CC(=CC=1)C1=CC=CC=C1C1NN=NN=1)C(C)(C)O,1.0736835538968936
CCCC1CC(=O)N(C1)C(CC)C(N)=O,0.9537594230533146
CCCC1CC(=O)NC(=S)N=1,0.1139433523068368
CCCC1COC(CN2C=NC=N2)(O1)C1C=CC(Cl)=CC=1Cl,1.769286866903428
CCCCC(C)C(OC(=O)CC(CC(O)=O)C(O)=O)C(CC(C)CC(O)CCCCC(O)CC(O)C(C)N)OC(=O)CC(CC(O)=O)C(O)=O,0.49382265669264025
CCCCC(CN1C=NC=N1)(C#N)C1C=CC(Cl)=CC=1,1.18368574967711
CCCCC1(CC)C(=O)NC(=O)NC1=O,1.57
CCCCC1=NC(Cl)=C(C(O)=O)N1CC1C=CC(=CC=1)C1=CC=CC=C1C1=NNN=N1,0.7848332311626345
CCCCC1=NC(Cl)=C(CO)N1CC1C=CC(=CC=1)C1=CC=CC=C1C1NN=NN=1,0.46129491992574106
CCCCC1=NC=C(C=C(CC2=CC=CS2)C(O)=O)N1CC1C=CC(=CC=1)C(O)=O,0.6477497634659668
CCCCC1C(=O)N(C2C=CC=CC=2)N(C2C=CC=CC=2)C1=O,1.210865855799012
CCCCC1CC(=O)C2(O)OC3C(OC2O1)C(O)C(NC)C(O)C3NC,1.0406963425791125
CCCCCC(O)C=CC1C(CCCCCCC(O)=O)C(=O)CC1O,-0.4723754721304154
CCCCCC(O)C=CC1C2CC(=CCCCC(O)=O)OC2CC1O,-1.0
CCCCCC1=CC(O)=C(C2C=C(C)CCC2C(C)=C)C(O)=C1,1.5720488116144695
CCCCCCC(C)(C)C1=CC(O)=C2C3CC(CO)=CCC3C(C)(C)OC2=C1,0.865103974641128
CCCCCCCC(=O)CCC1C(CC=CCCCC(O)=O)C(O)CC1O,-0.638272163982407
CCCCCCCC(=O)NC(CN1CCCC1)C(O)C1=CC=C2OCCOC2=C1,0.9179403659086973
CCCCCCCCCC=CC=CC(=O)NCC(=O)NC1C(OC(NC2N=CN=C3N=CNC=23)C(O)C1O)C(O)CO,0.11197167615341841
CCCCCCCCCCCCCCCC(=O)OCC(O)CCl,0.534026106056135
CCCCCCCCCCCCCCCCOCCCOP(O)(=O)COC(C[n]1ccc(N)[n]c1=O)CO,1.285557309007774
CCCCCCCCCCCCCCCCOP([O-])(=O)OCC[N+](C)(C)C,2.00119424427596
CCCCCCCCSC(=O)OC1=CC(Cl)=NN=C1C1C=CC=CC=1,1.1024808744429575
CCCCCN(C)CCC(O)(P(O)(O)=O)P(O)(O)=O,1.5664498849722415
CCCCCOC1C=CC(=CC=1)C1=CC(=NO1)C1C=CC(=CC=1)C(=O)NC1CC(O)C(O)NC(=O)C2C(O)C(C)CN2C(=O)C(NC(=O)C(NC(=O)C2CC(O)CN2C(=O)C(NC1=O)C(C)O)C(O)C(O)C1C=CC(O)=C(C=1)OS(O)(=O)=O)C(O)CC(N)=O,1.165612390510366
CCCCN(CC(O)C1C=C(Cl)C=C2C=1C1=CC=C(Cl)C=C1C2=CC1C=CC(Cl)=CC=1)CCCC,2.004321373782643
CCCCN(CC)C1C(=CC(=CC=1[N+]([O-])=O)C(F)(F)F)[N+]([O-])=O,1.766683529603644
CCCCN1C=[N+](C)C=C1,-1.2035777437951958
CCCCN1CCCC1C(=O)NC1C(C)=CC(C)=CC=1C,0.1986570869544226
CCCCN1CCCCC1C(=O)NC1C(C)=CC=CC=1C,0.49090779588951516
CCCCNC1=CC(=CC(=C1OC1C=CC=CC=1)S(N)(=O)=O)C(O)=O,0.07959062302381242
CCCCOC(=O)C1=CC=CC=C1C(O)=O,0.5145790198252325
CCCCOC1C=CC(=CC=1)C(=O)CCN1CCCCC1,-0.12
CCCCOCC(O)=O,2.2161668615441688
CCCCOCCO,-0.8430398757624811
CCCCP(O)(=O)CCCN,0.3222192947339193
CCCCS(=N)(=O)CCC(N)C(O)=O,0.2253092817258628
CCCCS(=O)(=O)NC(CC1C=CC(=CC=1)OCCCCC1CCNCC1)C(O)=O,0.22628749457997652
CCCN(CCC)C1C(=CC(=CC=1[N+]([O-])=O)C(F)(F)F)[N+]([O-])=O,1.2666926253775375
CCCN(CCC)CCC1C=CC=C2NC(=O)CC=12,0.7790756251918218
CCCN(CCC1=CC=CS1)C1CC2=CC=CC(O)=C2CC1,0.690105620855803
CCCN1C(=O)C2N=C(NC=2N(CCC)C1=O)C12CC3CC1CC(C2)C3,1.257678574869185
CCCN1C(=O)C2NC(=NC=2N(CCC)C1=O)C12CCC(CCC(O)=O)(CC1)CC2,1.204119982655925
CCCN1CC(CC2C1CC1=CNC3=CC=CC2=C13)CSC,1.3761096473669596
CCCN1CCCCC1C(=O)NC1C(C)=CC=CC=1C,0.4352239904067023
CCCNC1C(=CC(=CC=1[N+]([O-])=O)S(N)(=O)=O)[N+]([O-])=O,0.06069784035361165
CCCNC1CC2SC(N)=NC=2CC1,0.9655038907180594
CCCNCC(O)COC1C=CC=CC=1C(=O)CCC1C=CC=CC=1,0.3211096473669597
CCCNS(=O)(=O)NC1N=CN=C(OCCOC2=NC=C(Br)C=N2)C=1C1=CC=C(Br)C=C1,1.204119982655925
CCCOC(=O)NCCCN(C)C,-0.5477322458667184
CCCOCC(=NC1C=CC(Cl)=CC=1C(F)(F)F)N1C=NC=C1,1.146128035678238
CCCS(=O)(=O)NC1=CC=C(F)C(=C1F)C(=O)C1=CNC2=NC=C(C=C12)C1C=CC(Cl)=CC=1,1.755874855672491
CCCS(=O)C1C=C2N=C(NC(=O)OC)NC2=CC=1,1.0
CCCS(=O)CCCN(CC(O)COC1C=CC(=CC=1)C#N)CC,0.380211241711606
CCCSC1N=C(NC2CC2C2C=C(F)C(F)=CC=2)C2N=NN(C3CC(OCCO)C(O)C3O)C=2N=1,0.8388034763602465
CCN(CC#CCOC(=O)C(O)(C1CCCCC1)C1C=CC=CC=1)CC,0.8586662482156342
CCN(CC1C=C(C=CC=1O)NC1=CC=NC2=CC(Cl)=CC=C21)CC,0.7418803266320514
CCN(CCN(CC1C=CC(=CC=1)C1C=CC(=CC=1)C(F)(F)F)C(=O)CN1C(=NC(=O)C2CCCC1=2)SCC1=CC=C(F)C=C1)CC,1.611723308007342
CCN(CCO)CCCC(C)NC1=CC=NC2=CC(Cl)=CC=C21,2.9297094628571463
CCN(CCOC(=O)C(CC1=CC=CC2=CC=CC=C12)CC1CCCO1)CC,0.1303337684950061
CCN(CCOC(=O)C1(CCCCC1)C1CCCCC1)CC,0.2552725051033061
CCN1C(=O)NC(C2C=CC=CC=2)C1=O,0.7790756251918218
CCN1C2=C(CCC)C3OC(=CC(=O)C=3C=C2C(=O)C=C1C(O)=O)C(O)=O,-0.20755583452291038
CCN1C=C(C(O)=O)C(=O)C2=CC(F)=C(C=C12)N1CCNCC1,0.38304418542388474
CCN1C=NC(=C1C(=O)NC)C(=O)NC,-0.08092190762392612
CCN1CC(CCN2CCOCC2)C(C1=O)(C1C=CC=CC=1)C1C=CC=CC=1,0.6113919283598677
CCN1CCCC1CNC(=O)C1=C(O)C(Cl)=CC(Cl)=C1OC,1.146128035678238
CCN1CCCC1CNC(=O)C1C(OC)=C(Br)C=CC=1OC,0.7401813447471219
CCN1CCCC1CNC(=O)C1C=C(C=CC=1OC)S(N)(=O)=O,0.8314566783214278
CCN1N=C(C(=O)C2=CC3OCOC=3C=C12)C(O)=O,0.1780456295278406
CCN1N=NN(CCN2CCC(COC)(CC2)N(C2C=CC=CC=2)C(=O)CC)C1=O,-0.09828334056003134
CCNC(=O)C(C)OC(=O)NC1C=CC=CC=1,0.414973347970818
CCNC(=O)C1CCCN1C(=O)C(CCCNC(N)=N)NC(=O)C(CC(C)C)NC(=O)C(CC(C)C)NC(=O)C(CC1=CC=C(O)C=C1)NC(=O)C(CO)NC(=O)C(CC1=CNC2C=CC=CC=21)NC(=O)C(CC1=CNC=N1)NC(=O)C1CCC(=O)N1,0.46975962630930923
CCNC(=O)CCCC=CCC1C(C=CC(O)CCC2C=CC=CC=2)C(O)CC1O,-0.19724207427765209
CCNC(C)CC1=CC(=CC=C1)C(F)(F)F,0.9302817963850609
CCNC1=NC(Cl)=NC(NCC)=N1,-0.6756748898680938
CCNC1CN(CCCOC)S(=O)(=O)C2SC(=CC=21)S(N)(=O)=O,3.425534220498264
CCNC1N=C(Cl)N=C(NC(C)C)N=1,1.48
CCNCC(O)C1C=C(O)C=CC=1,0.3412113404111031
CCNCC1=CC(=CC=C1O)NC1=CC=NC2=CC(Cl)=CC=C21,2.380211241711606
CCOC(=O)C(CCC1C=CC=CC=1)NC1CCC2=CC=CC=C2N(CC(O)=O)C1=O,1.02
CCOC(=O)C1(CCC=CC1N(C)C)C1C=CC=CC=1,0.6994850021680095
CCOC(=O)C1(CCN(C)CC1)C1C=CC=CC=1,0.8988135456452208
CCOC(=O)C1(CCN(CCC(O)C2C=CC=CC=2)CC1)C1C=CC=CC=1,0.5078558716958309
CCOC(=O)C1=CC2(CCCN3CCC4=C(C23)N1C1C=CC=CC4=1)CC,0.6839471307515121
CCOC(=O)C1C(CC2CCC1N2C)OC(=O)C1C=CC=CC=1,0.1780456295278406
CCOC(=O)CNC(C1CCCCC1)C(=O)N1CCC1C(=O)NCC1C=CC(=CC=1)C(N)=NO,0.6
CCOC(=O)N1CCC(CC1)=C1C2N=CC=CC=2CCC2C=C(Cl)C=CC=21,0.9221396430309409
CCOC(=O)NC1C=C2C(=CC=1)SC1=CC=CC=C1N2C(=O)CCN1CCOCC1,0.28937680047641445
CCOC(=O)NC1C=CC(=CC=1N)NCC1C=CC(F)=CC=1,0.9542425094393249
CCOC(=O)NC1C=CC(NCC2=CC=C(F)C=C2)=NC=1N,0.9297094628571464
CCOC(=O)NCCOC1C=CC(=CC=1)OC1C=CC=CC=1,0.863242085418079
CCOC(=O)[N-]C1=C[N+](=NO1)N1CCOCC1,0.2041199826559248
CCOC1=CC2=NC=C(C#N)C(NC3C=C(Cl)C(=CC=3)OCC3=CC=CC=N3)=C2C=C1NC(=O)C=CCN(C)C,1.164352855784437
CCOC1=CC=C(CC(CN(CC(O)=O)CCN(CC(O)=O)CC(O)=O)N(CC(O)=O)CC(O)=O)C=C1,-0.02227639471115225
CCOC1=NC(=NS1)C(Cl)(Cl)Cl,1.6672268755754656
CCOC1=NC2=CC=CC(=C2N1CC1C=CC(=CC=1)C1C=CC=CC=1C1NN=NN=1)C(O)=O,0.9705071218527849
CCOC1=NC2=CC=CC(C(O)=O)=C2N1CC1C=CC(=CC=1)C1=CC=CC=C1C1NOC(=O)N=1,1.041392685158225
CCOC1C=C(C=CC=1C1COC(=N1)C1C(F)=CC=CC=1F)C(C)(C)C,1.0711422405165376
CCOC1C=C(C=CC=1[N+]([O-])=O)OC1C=CC(=CC=1Cl)C(F)(F)F,1.6443012240847317
CCOC1C=C(CC2=CN=C(N)N=C2N)C=C(OCC)C=1N1C=CC=C1,0.9731278535996987
CCOC1C=C2SC(=NC2=CC=1)S(N)(=O)=O,0.6
CCOC1C=CC(CC2=CC(=CC=C2Cl)C2OC(SC)C(O)C(O)C2O)=CC=1,1.447158031342219
CCOC1C=CC(CC2C=C(C=CC=2Cl)C2OC(CO)C(O)C(O)C2O)=CC=1,1.0984747704869986
CCOC1C=CC2C=CC=CC=2C=1C(=O)NC1C2SC(C)(C)C(C(O)=O)N2C1=O,-0.14328023219801436
CCOC1C=CC2CC3C4C=CC(O)C5OC=1C=2C45CCN3C,-0.819722480711764
CCOCCN1C(=NC2=CC=CC=C12)C1CCN(CCC2C=CC(=CC=2)C(C)(C)C(O)=O)CC1,0.7126497016272114
CCOCCO,0.9457454744107514
CCON=C(C1N=C(NP(O)(O)=O)SN=1)C(=O)NC1C2SCC(SC3=NC(=CS3)C3C=C[N+](C)=CC=3)=C(C(O)=O)N2C1=O,0.2041199826559248
CCON=C(CC)C1C(=O)CC(CC1=O)C1C(C)=CC(C)=CC=1C,1.328379603438738
CCOP(=O)(OC1C=CC(=CC=1)[N+]([O-])=O)OCC,-0.6626884289784596
CCOP(=O)(SCCC)SCCC,2.056894441446452
CCOP(=S)(OC1=NC(Cl)=C(Cl)C=C1Cl)OCC,0.4442062289728901
CCOP(=S)(OC1C=CC(=CC=1)[N+]([O-])=O)OCC,-0.06142214881684971
CCOP(O)(=O)OCC,1.893942675470462
CCS(=O)(=O)N1CC(C1)(CC#N)N1C=C(C=N1)C1N=CN=C2NC=CC=12,1.079181246047625
CCS(=O)CCSP(=O)(OC)OC,0.6690917751359797
CC[N+](CCOC1C(=CC=CC=1OCC[N+](CC)(CC)CC)OCC[N+](CC)(CC)CC)(CC)CC,0.4014005407815441
CN(C(C)C1C=C(C=C(C=1)C(F)(F)F)C(F)(F)F)C(=O)N1CCC(CC1C1=CC=C(F)C=C1C)N1CCN(CC1)C(C)=O,1.193124598354462
CN(C(C)C1C=C(C=C(C=1)C(F)(F)F)C(F)(F)F)C(=O)N1CCNCC1C1C=CC(F)=CC=1C,1.001300933020418
CN(C)C(=N)NC(N)=N,0.23022446068913696
CN(C)C(=O)C(CCN1CCC(O)(CC1)C1C=CC(Cl)=CC=1)(C1C=CC=CC=1)C1C=CC=CC=1,0.8686437835879807
CN(C)C(=O)C1CC(CN1)SC1C(C)C2C(C(C)O)C(=O)N2C=1C(O)=O,-0.19279869104338965
CN(C)C(=O)CC1=C(N=C2C=CC(C)=CN21)C1C=CC(C)=CC=1,0.23022446068913696
CN(C)C(=O)CCSC(SCCC(O)=O)C1C=C(C=CC2=CC=C3C=CC(Cl)=CC3=N2)C=CC=1,0.36
CN(C)C(C(C)C)C(O)=NC(C(C)C)C(=O)N(C)C(C(C)C)C(=O)N1CCCC1C(=O)N1CCCC1C(O)=NC(C)(C)C,-0.2441251443275086
CN(C)C(C)C1C=C(C=CC=1)OC(=O)N(C)CC,0.15740643157797307
CN(C)C(C)CN1C2C=CC=CC=2SC2C=CC=CC1=2,1.118064017839119
CN(C)C1=NC2=CC=C(C)C=C2N2C(=O)C(CCC)C(=O)N21,1.230224460689137
CN(C)C1CC(C)OC(OC2C(C)C(=O)C(C)C(=O)OC(CC)C3(C)OC(=O)N(CCCCN4C=C(N=C4)C4=CN=CC=C4)C3C(C)C(=O)C(C)CC2(C)OC)C1O,1.0395906230238126
CN(C)C1CC(C)OC(OC2C(C)C(OC3CC(C)(OC)C(O)C(C)O3)C(C)C(=O)OC(CC)C(C)(O)C(O)C(C)N(C)CC(C)CC2(C)O)C1O,1.8356790017217455
CN(C)C1CCN(CC1)C(=O)C1C=CC(=CC=1)NC(=O)NC1C=CC(=CC=1)C1N=C(N=C(N=1)N1CCOCC1)N1CCOCC1,1.553883026643874
CN(C)CC(C)CN1C2C=CC=CC=2CCC2C=CC=CC1=2,1.3608639180087967
CN(C)CC(C1=CC=C(O)C=C1)C1(O)CCCCC1,0.9828359856100533
CN(C)CC(OC1C=CC=CC=1)OC1C=CC=CC=1,0.6434526764861874
CN(C)CC1=C(SC2=C1C(=O)N(C1C=CC(=NN=1)OC)C(=O)N2CC1C(F)=CC=CC=1F)C1C=CC(=CC=1)NC(=O)NOC,1.783903579272735
CN(C)CC1=NN=C2CN=C(C3C=C(Cl)C=CC=3N12)C1C=CC=CC=1,0.3211096473669597
CN(C)CC1C2=CC3CN4C(=CC5=C(COC(=O)C5(O)CC)C4=O)C=3N=C2C=CC=1O,0.37322261489654346
CN(C)CC1C2=CC=CC=C2OC=1C(=O)NCCOC1C=CC(=CC=1)C(=O)NO,0.7708520116421442
CN(C)CC1CCCCC1(O)C1=CC(=CC=C1)OC,0.7617139967814686
CN(C)CC=C(C1=CN=CC=C1)C1C=CC(Br)=CC=1,0.8582871666052149
CN(C)CCC(C1=CC=CC=N1)C1C=CC(Br)=CC=1,1.398970004336019
CN(C)CCC1CC2=CC(F)=CC=C2C=1CC1C=CC=NN=1,0.9542425094393249
CN(C)CCC=C1C2C=C(CC(O)=O)C=CC=2OCC2C=CC=CC=21,0.74
CN(C)CCC=C1C2C=CC=CC=2COC2C=CC=CC=21,1.1802608966244266
CN(C)CCCC1(OCC2=CC(=CC=C12)C#N)C1C=CC(F)=CC=1,1.519256969938944
CN(C)CCCN(C(=O)C1CN(CC=C)C2CC3=CNC4=CC=CC(C2C1)=C34)C(=O)NCC,1.8197719677709345
CN(C)CCCN1C2=CC=CC=C2CCC2=CC=C(Cl)C=C12,1.412486673985409
CN(C)CCCN1C2=CC=CC=C2CCC2=CC=CC=C12,1.2118138254915336
CN(C)CCCN1C2=CC=CC=C2CCC2C=C(O)C=CC1=2,1.0
CN(C)CCCN1C2=CC=CC=C2SC2C=CC=CC1=2,0.8988135456452208
CN(C)CCCN1C2C=CC=CC=2SC2C=CC(Cl)=CC1=2,0.5947512852437181
CN(C)CCCOC1=NN(CC2C=CC=CC=2)C2C=CC=CC=21,0.9084850188786497
CN(C)CCCOC1C(OC2OC(C)(C)OC21)C(O)CO,0.60959440922522
CN(C)CCN(C)C1=CC(OC)=C(C=C1NC(=O)C=C)NC1=NC(C2=CN(C)C3=CC=CC=C23)=C(C=N1)C(=O)OC(C)C,1.255272505103306
CN(C)CCN(CC1=CC=CS1)C1=CC=CC=N1,0.2020599913279624
CN(C)CCN1C(=O)C2C=C(C=C3C=CC=C(C3=2)C1=O)[N+]([O-])=O,1.457881896733992
CN(C)CCN1C(=O)C2C=C(N)C=C3C=CC=C(C3=2)C1=O,0.6794278966121189
CN(C)CCN1N=NN=C1SCC1CSC2C(NC(=O)CC3=CSC(N)=N3)C(=O)N2C=1C(O)=O,-0.03786035696905918
CN(C)CCNC(=O)C1=CC=CC2=CC3=CC=CC=C3N=C21,0.3180633349627616
CN(C)CCOC(=O)C(OCC(CC)CC)(C1C=CC=CC=1)C1C=CC=CC=1,1.5307394585211274
CN(C)CCOC(C)(C1C=CC=CN=1)C1C=CC=CC=1,1.0484550065040281
CN(C)CCOC(C1C=CC=CC=1)C1C=CC=CC=1,0.9692414742769675
CN(C1=C(I)C(=C(I)C(=C1I)C(=O)NC(CO)C(O)CO)C(=O)NC(CO)C(O)CO)C(=O)CC(=O)N(C)C1=C(I)C(=C(I)C(=C1I)C(=O)NC(CO)C(O)CO)C(=O)NC(CO)C(O)CO,0.3074960379132129
CN(C1C2OC(C)(N3C4=C5C(=C6C(O)=NCC6=C4C4=CC=CC=C34)C3=CC=CC=C3N52)C1(C)OC)C(=O)C1C=CC=CC=1,1.322219294733919
CN(C1CCN(CC(O)COC2C=CC(F)=CC=2)CC1)C1=NC2=CC=CC=C2S1,1.276461804173244
CN(C1CCN(CC1)C1=NC2C=CC=CC=2N1CC1C=CC(F)=CC=1)C1NC(=O)C=CN=1,0.9822712330395684
CN(C1CN(CCC1C)C(=O)CC#N)C1=NC=NC2NC=CC=21,0.4771212547196624
CN(CC)C(=O)C1(CCN(CCCCCC)CC1)C1C=CC=CC=1,0.5563025007672873
CN(CC1=CC=CC2=CC=CC=C12)CC=CC#CC(C)(C)C,1.4411096473669596
CN(CC1=CC=CC2C=CC=CC1=2)CC1C=CC(=CC=1)C(C)(C)C,2.18
CN(CC1=CSC(=N1)C(C)C)C(=O)NC(C(C)C)C(=O)NC(CC(O)C(CC1=CC=CC=C1)NC(=O)OCC1=CN=CS1)CC1=CC=CC=C1,0.6010299956639812
CN(CC1=CSC(=N1)C(C)C)C(=O)NC(CCN1CCOCC1)C(=O)NC(CC1C=CC=CC=1)CCC(CC1C=CC=CC=1)NC(=O)OCC1=CN=CS1,0.5440680443502757
CN(CC1C=NC2N=C(N)N=C(N)C=2N=1)C1C=CC(=CC=1)C(=O)NC(CCC(O)=O)C(O)=O,0.5483676059037895
CN(CCC(=O)C=CC1C=CC(O)=CC=1)CCC1C=CC2OCOC=2C=1,-1.0
CN(CCCC(C#N)(C(C)C)C1C=C(OC)C(=CC=1)OC)CCC1C=C(OC)C(=CC=1)OC,0.510938440285021
CN(CCCN1CCC2=CC(OC)=C(C=C2CC1=O)OC)CC1CC2=CC(OC)=C(C=C21)OC,0.7781512503836436
CN(CCCN1CCC2C=C(OC)C(=CC=2CC1=O)OC)CCC1C=C(OC)C(=CC=1)OC,0.4471580313422192
CN1C(=NC2=CC=CC=C12)C1C=C(C)C2N=C(CCC)N(CC3=CC=C(C=C3)C3=CC=CC=C3C(O)=O)C=2C=1,1.3005149978319905
CN1C(=NC=C1COP(=O)(NCCBr)NCCBr)[N+]([O-])=O,0.0
CN1C(=NN(C1=O)C(=O)NS(=O)(=O)C1C(=CSC=1C)C(=O)OC)OC,1.550228353055094
CN1C(=O)C2=C(N=CN2C)N(C)C1=O,0.7190286766410132
CN1C(=O)C2=C(N=CN2CC(O)CO)N(C)C1=O,0.23022446068913696
CN1C(=O)CC(C2C=CC=CC=2)C1=O,0.8920946026904804
CN1C(=O)CN=C(C2C=C(Cl)C=CC1=2)C1C=CC=CC=1,1.1811210265925276
CN1C(C(=O)NC2C=CC=CN=2)C(=O)C2SC=CC=2S1(=O)=O,1.826074802700826
CN1C(C)=CC(=O)N1C1C=CC=CC=1,0.5872352748656066
CN1C(C2C=CC(Cl)=CC=2)S(=O)(=O)CCC1=O,1.607455023214668
CN1C(CC(O)C1=O)C1=CN=CC=C1,0.7708520116421442
CN1C(CCC1=O)C1C=CC=NC=1,0.9899222776294991
CN1C(CNC2C=CC(=CC=2)C(N)=N)=NC2C=C(C=CC1=2)C(=O)N(CCC(O)=O)C1=CC=CC=N1,1.0123454311777156
CN1C(COC2C=CC(=CC=2)S(C)=O)=NC=C1[N+]([O-])=O,1.204119982655925
CN1C2C(CC1C(C#N)N1C(CO)C3C(=CC=CC=3CC12)OC)C(O)=O,0.1818435879447725
CN1C2C(O)(C(OC(C)=O)C3(CC)C=CCN4CCC2(C34)C2C=C(C(=CC1=2)OC)C1(CC2CN(CC(CC)=C2)CC2=C1NC1C=CC=CC2=1)C(=O)OC)C(=O)OC,1.479520696160547
CN1C2C3(CCN4CC=CC(CC)(C34)C(O)C2(O)C(N)=O)C2C=C(C(=CC1=2)OC)C1(CC2CC(O)(CN(C2)CCC2=C1NC1C=CC=CC2=1)CC)C(=O)OC,1.544068044350276
CN1C2C3(CCN4CC=CC(CC)(C34)C(OC(C)=O)C2(O)C(=O)OC)C2=CC(=C(C=C12)OC)C1(CC2CC(O)(CN(C2)CCC2=C1NC1=CC=CC=C21)CC)C(=O)OC,1.826074802700826
CN1C2C3C4SCC5(NCCC6C7C=C(C=CC=7NC5=6)OC)C(=O)OCC(C5C4=C(OC(C)=O)C(C)=C4OCOC4=5)N3C(O)C1CC1C=C(C)C(OC)=C(O)C=12,1.70620339115467
CN1C2C3CC4C(CC)C(O)N3C3CC2(C(O)C43)C2=CC=CC=C12,0.8633228601204559
CN1C2C=CC(=CC=2N=C1CCCC(O)=O)N(CCCl)CCCl,-0.3925780759761511
CN1C2C=CC=CC=2C(=O)C(C1=O)C(=O)N(C)C1C=CC=CC=1,1.491361693834273
CN1C2C=CC=CC=2C(NCCCCCCC(O)=O)C2=CC=C(Cl)C=C2S1(=O)=O,0.146128035678238
CN1C2CC(CC1C1OC12)OC(=O)C(CO)C1C=CC=CC=1,0.7603120396880638
CN1C2CC(CC1CC2)OC(=O)C1=CNC2C=CC=CC=21,0.7490940135031001
CN1C2N=CN(C)C=2C(=O)NC1=O,0.6416464489049266
CN1C=C(C(=O)C2CC3N=CNC=3CC2)C2C=CC=CC1=2,0.693726948923647
CN1C=C(C(=O)NC2=CC=CC3C4CCC(C4=C(Cl)Cl)C2=3)C(=N1)C(F)F,1.831927558870142
CN1C=C(C=C1C(=O)NC1C=C(C(=O)NC2C=C(C(=O)NC3C=C(C(=O)NCCN=C(N)N)N(C)C=3)N(C)C=2)N(C)C=1)NC(=O)C(=C)Br,0.919078092376074
CN1C=C(C=N1)C1=CN=C2C=CC(=CC2=N1)N(CCNC(C)C)C1C=C(C=C(C=1)OC)OC,1.770852011642144
CN1C=NC(=C1SC1=NC=NC2N=CNC=21)[N+]([O-])=O,0.7
CN1C=NC2=C(F)C(NC3=CC=C(Br)C=C3Cl)=C(C=C12)C(=O)NOCCO,0.7923916894982539
CN1C=NC2=C(F)C(NC3=CC=C(Br)C=C3F)=C(C=C12)C(=O)NOCCO,0.5440680443502757
CN1CC(C=C2C1CC1=CNC3=CC=CC2=C13)NC(=O)N(CC)CC,0.2552725051033061
CN1CC(CC1C(=O)N1CC(CC1)NC(=O)CNC(N)=N)SC1C(C)C2C(C(C)O)C(=O)N2C=1C(O)=O,0.23022446068913696
CN1CC(CC2C1CC1=CN(C)C3=CC=CC2=C13)CNC(=O)OCC1C=CC=CC=1,-0.03151705144606486
CN1CC2=C(N)C=CC=C2C(C1)C1C=CC=CC=1,0.8114566783214279
CN1CC2C=CC=CC=2C(OCC1)C1C=CC=CC=1,0.6994850021680095
CN1CC2CN(CC(C1)C2OC(=O)C1C=CC(Cl)=CC=1)CC,0.9322492256217838
CN1CC=NC1=S,0.380211241711606
CN1CCC(CC1)=C1C2=CC=CC=C2CC(=O)C2SC=CC=21,1.3211096473669595
CN1CCC(CC1)=C1C2=NC=C(C(O)=O)N2CCC2=CC=CC=C12,0.3010299956639812
CN1CCC(CC1)=C1C2C=CC=CC=2C=CC2C=CC=CC=21,1.096910013008056
CN1CCC(CC1)C(=O)C1C=CC=C(NC(=O)C2C(F)=CC(F)=CC=2F)N=1,0.7558748556724915
CN1CCC(CC1C1NC2=CC=CC=C2N=1)NC(=O)NC1C=CC(=CC=1)C#N,1.2405492482826
CN1CCC(COC2=CN=C(N=C2)C2C=C(C[n]3[n]c(ccc3=O)C3C=C(C=CC=3)C#N)C=CC=2)CC1,1.505149978319906
CN1CCC2(C)C1N(C)C1C=CC(=CC2=1)OC(=O)NC,0.0
CN1CCC23C4OC5=C(O)C=CC(CC1C2CCC4=O)=C35,0.3617278360175928
CN1CCC23C4OC5C2=C(CC1C3C=CC4O)C=CC=5O,-0.4766336628512063
CN1CCC23C4OC5C2=C(CC1C3C=CC4OC(C)=O)C=CC=5OC(C)=O,-0.4038041552508731
CN1CCC23C4OC5C2=C(CC1C3C=CC4OC1OC(C(O)C(O)C1O)C(O)=O)C=CC=5O,0.146128035678238
CN1CCC2C=C(OC)C3=CC=2C1CC1C=CC(=CC=1)OC1C2C(CC4C=C(O3)C(O)=CC=4)[N+](C)(C)CCC=2C=C(OC)C=1O,0.3010299956639812
CN1CCCC(CC1)N1N=C(CC2C=CC(Cl)=CC=2)C2=CC=CC=C2C1=O,0.8869760335229533
CN1CCCC1C1=CN=CC=C1,0.23856062735983122
CN1CCCC1CC1=CNC2=CC=C(CCS(=O)(=O)C3C=CC=CC=3)C=C12,0.615103093908621
CN1CCCC1COC1N=C2CN(CCC2=C(N=1)N1CC(CC#N)N(CC1)C(=O)C(=C)F)C1=CC=CC2=CC=CC(Cl)=C21,1.361727836017593
CN1CCN(CC(=O)N2C3N=CC=CC=3NC(=O)C3=CC=CC=C23)CC1,1.045322978786657
CN1CCN(CC1)C(=O)N(CC)CC,0.9784524256682364
CN1CCN(CC1)C(=O)OC1C2=NC=CN=C2C(=O)N1C1C=CC(Cl)=CN=1,0.7180016718173996
CN1CCN(CC1)C(C1C=CC=CC=1)C1C=CC=CC=1,1.131297796597623
CN1CCN(CC1)C1=NC2=CC=CC=C2NC2SC(C)=CC=21,1.523560627359831
CN1CCN(CC1)C1C(F)=C2C(=CC=1F)C(=O)C(=CN2CCF)C(O)=O,0.6444447341357233
CN1CCN(CC1)C1C(F)=CC2=C3C=1OCC(C)N3C=C(C(O)=O)C2=O,0.9284604399234798
CN1CCN(CC1)C1C=C(NC2C=C(C)NN=2)N=C(N=1)SC1C=CC(=CC=1)NC(=O)C1CC1,0.9242792860618817
CN1CCN(CC1)C1C=C(NC2CCOCC2)C(=CC=1)C(=O)NC1=NNC2=CC=C(CC3C=C(F)C=C(F)C=3)C=C21,1.301029995663981
CN1CCN(CC1)C1C=C2C(=CC=1F)C(=O)C(=CN2NC)C(O)=O,0.6683859166900001
CN1CCN(CC1)C1C=CC(=CC=1)C(O)=NC1=NNC2CN(CC=21)C(=O)C(OC)C1C=CC=CC=1,1.397940008672038
CN1CCN(CC1)C1CCN(CC1)C1=CC=C(C=C1OC)NC1N=C(NC2CCOCC2)C(CC)=NC=1C(N)=O,2.05307844348342
CN1CCN(CC1)C1CCN(CC1)C1C=C(OC)C(=CC=1)NC1=NC(NC2=CC=CC=C2P(C)(C)=O)=C(Cl)C=N1,1.397940008672038
CN1CCN(CC1)C1N=C(N)C(=CN=1)C1=CC(Cl)=CC(Cl)=C1Cl,1.040602340114073
CN1CCN(CC1)S(=O)(=O)C1C=C(C2NC(=O)C3=C(N=2)C(CCC)=NN3C)C(=CC=1)OCC,0.03476423616016422
CN1CCN(CC2=CC3=C(C=C2)N=CN3C2=CC(OC(C)C3=CC=CC=C3C(F)(F)F)=C(S2)C(N)=O)CC1,1.012837224705172
CN1CCN(CC2C=CC(=CC=2)C(=O)NC2=CC(NC3N=C(C=CN=3)C3C=NC=CC=3)=C(C)C=C2)CC1,1.298847592962756
CN1CCN(CCCOC2C=C3N=CC(C#N)=C(NC4C=C(OC)C(Cl)=CC=4Cl)C3=CC=2OC)CC1,1.352182518111362
CN1CCN2C(C1)C1=CC=CC=C1CC1C=CC=NC2=1,0.7793166049943878
CN1COCN(CC2=CN=C(Cl)S2)C1=N[N+]([O-])=O,0.4606081045214078
CN1N=NC(=N1)C1C=CC(=CN=1)C1C=CC(=CC=1F)N1CC(CO)OC1=O,1.043037476997763
CN1N=NC(=N1)C1C=NN(C)C=1S(=O)(=O)NC(=O)NC1N=C(C=C(N=1)OC)OC,2.380211241711606
CN1N=NN=C1SCC1CSC2C(NC(=O)C(=NOC)C3=CSC(N)=N3)C(=O)N2C=1C(O)=O,0.002098285993795116
CN1N=NN=C1SCC1CSC2C(NC(=O)C(NC(=O)N3CCN(CC)C(=O)C3=O)C3C=CC(O)=CC=3)C(=O)N2C=1C(O)=O,0.27210083358909576
CN1N=NN=C1SCC1CSC2C(NC(=O)C(O)C3C=CC=CC=3)C(=O)N2C=1C(O)=O,-0.12246936830414995
CN1N=NN=C1SCC1CSC2N(C=1C(O)=O)C(=O)C2(NC(=O)CSCC#N)OC,0.1780456295278406
CN1NC(=O)C(=O)N=C1SCC1CSC2C(NC(=O)C(=NOC)C3=CSC(N)=N3)C(=O)N2C=1C(O)=O,0.9002878997129462
CN=C(C[N+]([O-])=O)NCCSCC1=CC=C(CN(C)C)O1,0.3222192947339193
CN=C=S,1.875966566545761
CNC(=O)C1=CC(=CC=N1)OC1C=CC(=CC=1)NC(=O)NC1C=C(C(Cl)=CC=1)C(F)(F)F,1.5611464322282376
CNC(=O)C1=CC=C(C=C1F)C1C=NC2=NC=C(CC3C=C4C=CC=NC4=CC=3)N2N=1,0.8129133566428556
CNC(=O)C1=CC=CC=C1SC1C=C2NN=C(C=CC3=CC=CC=N3)C2=CC=1,0.6334684555795865
CNC(=O)C1=NN=C(C=C1NC1=CC=CC(=C1OC)C1N=CN(C)N=1)NC(=O)C1CC1,1.0
CNC(=O)C1C=C(C=CN=1)OC1=CC(F)=C(C=C1)NC(=O)NC1=CC(=C(Cl)C=C1)C(F)(F)F,1.447158031342219
CNC(=O)NC1C(OCCN2CCCC2)=C(OC)C2OC=CC=2C=1OC,0.6989700043360189
CNC(=O)OC1=CC=CC2=CC=CC=C21,0.0458481201242014
CNC(=O)OC1=CC=CC2CC(C)(C)OC1=2,-0.31576822867290355
CNC(C)(C)CC1C=CC=CC=1,1.24
CNC(NCC1=CN=C(Cl)S1)=N[N+]([O-])=O,0.4346368107066944
CNC(NCC1C=CC=CC=1)=NC,1.591064607026499
CNC(NCC1COCC1)=N[N+]([O-])=O,0.9211069762040782
CNC1CCC2NC3C=CC(=CC=3C=2C1)C(N)=O,1.391728196560808
CNC1CN(=O)=C(C2C=C(Cl)C=CC=2N=1)C1C=CC=CC=1,0.9195390461880371
CNC1CN(CC1OC)C1C=CC2=C(N=1)N(C=C(C(O)=O)C2=O)C1=NC=CS1,1.406540180433955
CNCC(O)C1=CC(O)=C(O)C=C1,-1.301029995663981
CNCC1C=C(C2=CC=CC=C2F)N(C=1)S(=O)(=O)C1C=NC=CC=1,0.8512583487190752
CNCCC(OC1=CC=CC2=CC=CC=C21)C1=CC=CS1,1.0795906230238126
CNCCC=C1C2=CC=CC=C2COC2=CC=CC=C21,1.491361693834273
CNCCC=C1C2C=CC=CC=2CCC2C=CC=CC=21,0.7552647359495515
CNCCCC12CCC(C3=CC=CC=C13)C1=CC=CC=C21,1.707570176097936
CNCCCN1C2C=CC=CC=2CCC2C=CC=CC1=2,1.341211340411103
CNP(=O)(NC)OC1C=CC=CC=1,0.6956595350055954
CNS(=O)(=O)C1=CC(=C(C=C1N)OC)C(=O)NCC1CCCN1CC=C,0.6812412373755872
CNS(=O)(=O)CC1C=C2C(=CC=1)NC=C2CCN(C)C,0.23022446068913696
CNc1cc2c(c[n]1)cc(C1=CC(NC(=O)NC3C=CC=CC=3)=C(F)C=C1Br)c(=O)[n]2CC,1.170261715394957
COC(=O)C(C1CCCCN1)C1C=CC=CC=1,0.6806206186877937
COC(=O)C1=C(Cl)C(Cl)=C(C(Cl)=C1Cl)C(=O)OC,1.3087022326414126
COC(=O)C1=CN=C2C(=C3CCN(CCC4=CC=C(C=C4)OCC4C=CC5=CC=CC=C5N=4)CC3)C3=CC=CC=C3CCN12,1.02530586526477
COC(=O)C1C(C(C(=O)OCC)=C(C)N=C1C)C1C=CC=C(Cl)C=1Cl,1.0
COC(=O)C1C(C(C(=O)OCCN(C)CC2C=CC=CC=2)=C(C)N=C1C)C1C=C(C=CC=1)[N+]([O-])=O,0.6127838567197355
COC(=O)C1C(O)CCC2CN3CCC4C5C=CC=CC=5NC=4C3CC21,-0.021954370472159396
COC(=O)C1C2CCC(CC1OC(=O)C1C=CC=CC=1)N2C,-0.04174768513745727
COC(=O)C1C=C(C=CC=1[N+]([O-])=O)OC1C=CC(Cl)=CC=1Cl,1.774706514153698
COC(=O)C1C=CC(O)=C(O)C=1,-1.097944361737979
COC(=O)C1CC2=CC(=O)CCC2(C)C23OC2CC2(C)C(CCC42CCC(=O)O4)C31,0.6994850021680095
COC(=O)CC(NC(=O)C(NC(=O)OC(C)C)C(C)C)C1C=CC(Cl)=CC=1,0.6657136482603716
COC(=O)NC1NC2=CC=CC=C2N=1,0.8317799947468961
COC(C(=O)NC)C1=CC=CC=C1COC1C=C(C)C=CC=1C,1.368291981868793
COC(CCOC1C(NC(=O)CCCCCCCCCC=CCCCCCC)C(OC(COC)C1OP(O)(O)=O)OCC1OC(OP(O)(O)=O)C(NC(=O)CC(=O)CCCCCCCCCCC)C(OCCCCCCCCCC)C1O)CCCCCCC,1.707570176097936
COC1(NC(=O)CC2=CC=CS2)C2SCC(COC(N)=O)=C(C(O)=O)N2C1=O,-0.09075749056067509
COC1=C(Cl)C(=NC(OC)=C1Cl)C(Cl)(Cl)Cl,0.5797835966168101
COC1=C2C(=O)OC(C3C4C(OC)=C5OCOC5=CC=4CCN3C)C2=CC=C1OC,0.3283796034387377
COC1=CC(=CC(OC)=C1OC)C(=O)C(=O)N1CCCCC1C(=O)OC(CCCC1=CC=CN=C1)CCCC1=CC=CN=C1,0.04139268515822508
COC1=CC(=CC=C1NC1C2=CC=CC=C2N=C2C=CC=CC2=1)NS(C)(=O)=O,0.6710489289678587
COC1=CC(=O)CC(C)C21OC1C(Cl)=C(C=C(OC)C=1C2=O)OC,1.198741972106953
COC1=CC(N)=C(C=C1C(=O)NCC1CCCN1CC)S(=O)(=O)CC,0.8666062568876719
COC1=CC(N)=C(Cl)C=C1C(=O)NCCN(CC)CC,0.8586662482156342
COC1=CC2=C(N)N=C(N=C2C=C1OC)N1CCN(CC1)C(=O)C1=CC=CO1,0.3005149978319906
COC1=CC2=CC=C(C=C2C=C1)C(C)C(O)=O,1.1993472923017356
COC1=CC2=NC=CC(OC3=CC=C(NC(=O)NC4CC4)C(Cl)=C3)=C2C=C1C(N)=O,1.447158031342219
COC1=CC2=NC=CC(OC3C=CC(=CC=3)NC(=O)C3(CC3)C(=O)NC3C=CC(F)=CC=3)=C2C=C1OC,1.740362689494244
COC1=CC2=NNN=C2C=C1C(=O)NCC1CCCN1CC=C,0.4471580313422192
COC1=CC2C(N)=NC(=NC=2C=C1OC)N(C)CCCNC(=O)C1CCCO1,0.6806206186877937
COC1=CC2C=CC(=CC=2C=C1)C(C)C(O)=O,1.235128917752449
COC1=CC2CC(CC3CCN(CC4C=CC=CC=4)CC3)C(=O)C=2C=C1OC,1.8475490200071285
COC1=CC=C(C=C1C(O)CNC(=O)CN)OC,-0.306596252762798
COC1=CC=C(CC2=NC=CC3=CC(OC)=C(C=C32)OC)C=C1OC,0.25763625255165307
COC1=CC=C(CN2C3CN(CC2C3)C2=CC=C(C=N2)C2=CC(=CN3N=CC(C#N)=C32)OCC(C)(C)O)C=N1,1.505149978319906
COC1=CC=C2CC3C4CCC(=O)C5OC1=C2C45CCN3C,0.7670599913279625
COC1=CC=CC(OCCCN)=C1C1=CC(NC2=CN=C(C=N2)C#N)=NN1,1.098297536494698
COC1=CC=CC2=C1C(=O)C1=C(C2=O)C(O)=C2CC(O)(CC(OC3CC(N)C(O)C(C)O3)C2=C1O)C(C)O,1.426511261364575
COC1=CC=CC2=C1C(NS(=O)(=O)C1=CC=C(Cl)S1)=NN2CC1=CC(CNC(=O)C(C)(C)O)=CC=C1,1.130333768495006
COC1=CC=CC=C1OC1C(=NC(=NC=1NS(=O)(=O)C1C=CC(=CN=1)C(C)C)C1C=CN=C(C=1)C1=NNN=N1)OCCO,0.579891798308405
COC1=CC=CC=C1OCC(O)CO,0.0
COC1=NC2=CC=C(Br)C=C2C=C1C(C1C=CC=CC=1)C(O)(CCN(C)C)C1=CC=CC2=CC=CC=C21,3.597695185925512
COC1=NC=C(OC)C2=NC(NS(=O)(=O)C3C(=CC=CC=3C(F)(F)F)OCC(F)F)=NN21,1.658167398228886
COC1C(=C(F)C=C2C=1N(C=C(C(O)=O)C2=O)C1CC1)N1CC(CCC1)=C(F)CN,1.293141483450931
COC1C(=CC(=CC=1C(C)(C)C)N1C=CC(=O)NC1=O)C1=CC2=CC=C(C=C2C=C1)NS(C)(=O)=O,0.757771350181061
COC1C(=CC(=CC=1OC)NC1N=C(NC2C=CC3OC(C)(C)C(=O)NC=3N=2)C(F)=CN=1)OC,1.176091259055681
COC1C(C(O)=O)=C(Cl)C=CC=1Cl,0.3265911424815437
COC1C(CC=C(C)CCC(O)=O)=C(O)C2=C(COC2=O)C=1C,1.032976490156935
COC1C2OC=CC=2C=C2C=CC(=O)OC2=1,0.3005149978319906
COC1C=C(C(=CC=1)NC(=O)C1C=CC(=CC=1)C(=N)N(C)C)C(=O)NC1=CC=C(Cl)C=N1,1.361727836017593
COC1C=C(C=C(OC)C=1C(=O)CCCN1CCCC1)OC,0.5192569699389438
COC1C=C(C=C(OC)C=1OC)C(=O)NCC1C=CC(=CC=1)OCCN(C)C,0.9015449934959718
COC1C=C(C=C(OC)C=1OC)C(=O)OC1CC2CN3CCC4C5C=CC(=CC=5NC=4C3CC2C(C1OC)C(=O)OC)OC,2.301029995663981
COC1C=C(C=CC=1O)C1OC2C=C(O)C=C(O)C=2C(=O)C1=O,1.351409751925439
COC1C=C(CCOC2CCCCC2N2CC(O)CC2)C=CC=1OC,0.4955443375464484
COC1C=C(CNCC(O)COC2C=C3C=CC(=O)NC3=CC=2)C=CC=1OC,0.5185139398778874
COC1C=C(F)C=CC=1CN1C=CC2=C1C=NC1C(=O)N(O)CCC=12,0.5797835966168101
COC1C=C(N)C=N[N+]=1C1C=CC=CC=1,1.14921911265538
COC1C=C(N=C(N=1)OC1C=CC=C(OC2=NC(=CC(=N2)OC)OC)C=1C(=O)ON=C(C1C=CC=CC=1)C1C=CC=CC=1)OC,1.671098694606128
COC1C=C(N=C(NC(=O)NS(=O)(=O)CC2=CC=CC=C2C(=O)OC)N=1)OC,0.9020697161676752
COC1C=C2C(N)=CC(=NC2=CC=1OC)N1CC2=CC(OC)=C(C=C2CC1)OC,0.7704260058210721
COC1C=C2C(N)=NC(=NC2=CC=1OC)N1CCN(CC1)C(=O)C1CCCO1,0.9521212547196625
COC1C=C2C=CC(CC(O)=O)=CC2=CC=1,1.418301291319745
COC1C=C2C=CC=NC2=C(C=1)NC(C)CCCN,0.8506291743595376
COC1C=C2CCN(CC2=CC=1OC)CCC1C=CC(=CC=1)NC(=O)C1=CC(OC)=C(C=C1NC(=O)C1=CC2=CC=CC=C2N=C1)OC,1.462397997898956
COC1C=C2N=CN=C(NC3=CC=CC(=C3)C#C)C2=CC=1OCCCCCCC(=O)NO,0.6998377258672457
COC1C=C2OC3OC=CC3(O)C2=C2OC(=O)C3=C(CCC3=O)C=12,-0.3467874862246563
COC1C=CC(=CC=1)C(=O)N1CCCC1=O,0.24
COC1C=CC(=CC=1)C(=O)NC1=CC=CC=C1CCC1CCCCN1C,0.41248667398540895
COC1C=CC(=CC=1)C(CN(C)C)C1(O)CCCCC1,0.6994850021680095
COC1C=CC(=CC=1)C1=COC2C=C(O)C(OC)=C(O)C=2C1=O,0.6665179805548809
COC1C=CC(=CC=1)N1N=C(C(N)=O)C2CCN(C3C=CC(=CC=3)N3CCCCC3=O)C(=O)C1=2,0.8890756251918219
COC1C=CC(=CC=1C(O)CN)OC,0.5440680443502757
COC1C=CC(=CC=1C12CC3CC(C1)CC(C2)C3)C1C=C2C=CC(=CC2=CC=1)C(O)=O,1.235528446907549
COC1C=CC(CC(C)NCCOC2C=CC=CC=2OCC)=CC=1S(N)(=O)=O,0.9452317270395034
COC1C=CC(CC=C)=CC=1OC,0.11117562962164569
COC1C=CC(CNC2=NC(=NC=C2C(=O)NCC2N=CC=CN=2)N2CCCC2CO)=CC=1Cl,0.6989700043360189
COC1C=CC(Cl)=CC=1C(=O)NCCC1C=CC(=CC=1)S(=O)(=O)NC(=O)NC1CCCCC1,0.3412113404111031
COC1C=CC2CC3C4CCC(O)C5OC=1C=2C45CCN3C,0.534026106056135
COC1C=CC2CC3N(C)CCC45C(OC=1C4=2)C(=O)CCC53O,0.7111917344231958
COC1C=CC2SC3C(=C(C=CC=3CNC=O)NCCN(CC)CC)C(=O)C=2C=1,0.791690649020118
COC1C=CC=CC=1N1CCN(CCCN=C2CC(=O)N(C)C(=O)N2C)CC1,0.5440680443502757
COC1C=CC=CC=1OCCNCC(O)COC1=CC=CC2NC3C=CC=CC=3C=21,0.3516355844266908
COC1C=COC2(C)OC3C(=C4C(=C(O)C=3C)C(O)=C(NC(=O)C(C)=CC=CC(C)C(O)C(C)C(O)C(C)C(OC(C)=O)C1C)C(C=NN1CCN(CC1)C1CCCC1)=C4O)C2=O,1.113943352306837
COC1N=C(N)N=C2C=1N=CN2C1OC(CO)C(O)C1O,-0.3559771852360797
COC1OC(COS(O)(=O)=O)C(OC2OC(C(OC3OC(COS(O)(=O)=O)C(OC4OC(C(OC5OC(COS(O)(=O)=O)C(O)C(O)C5NS(O)(=O)=O)C(O)C4O)C(O)=O)C(OS(O)(=O)=O)C3NS(O)(=O)=O)C(O)C2OS(O)(=O)=O)C(O)=O)C(O)C1NS(O)(=O)=O,1.2821554549803016
COCC(=O)NC1=C(I)C(=C(I)C(=C1I)C(=O)N(C)CC(O)CO)C(=O)NCC(O)CO,0.414973347970818
COCCCCC(=NOCCN)C1=CC=C(C=C1)C(F)(F)F,1.1600115371208393
COCCCN1CCC(CC1)NC(=O)C1=CC(Cl)=C(N)C2CCOC=21,1.366196879911484
COCCN1CCN(CC1)CC1=CC=C(C=C1)C1=NNC2C3C=CC=C(NC(=O)NN4CCOCC4)C=3C(=O)C1=2,0.9956351945975499
COCCN1N=C2C(NC(=NC2=O)C2C=C(C=NC=2OCC)S(=O)(=O)N2CCN(CC2)CC)=C1CC,0.6020599913279624
COCCO,-0.2094741946982772
COCCOC1=CC2=NC=NC(NC3C=C(C=CC=3)C#C)=C2C=C1OCCOC,1.3105406423920074
COCCOC1=CN=C(NS(=O)(=O)C2C=CC=CC=2)N=C1,0.6
COCCOCCOCCOCCOCCOCCOCCOCCOCCOC(=O)C1C=CC(=CC=1)NCCCC,0.74
CON(C)C(=O)NC1C=CC(Br)=CC=1,1.681241237375587
CON(C)C1N=C(NCCC)N=C(NCCC)N=1,0.7489628612561614
CON=C(C(=O)NC)C1=CC=CC=C1COC1C=C(C)C=CC=1C,1.1461439972237955
CON=C(C1=CSC(N)=N1)C(=O)NC1C2SCC(C[N+]3(C)CCCC3)=C(C([O-])=O)N2C1=O,0.2898917983084051
CON=C(C1=CSC(N)=N1)C(=O)NC1C2SCC(C[N+]3=CC=CC4CCCC3=4)=C(C([O-])=O)N2C1=O,0.2304489213782739
CON=C(C1=CSC(N)=N1)C(=O)NC1C2SCC=C(C(O)=O)N2C1=O,0.1780456295278406
COP(=O)(OC)C(O)C(Cl)(Cl)Cl,2.273480300436188
COP(=S)(OC)SCN1N=NC2C=CC=CC=2C1=O,1.48
COP(O)(=O)OC,0.7923916894982539
CS(=O)(=O)C1=CC(Cl)=C(C=C1)C(=O)C1C(=O)CCCC1=O,1.714637065752866
CS(=O)(=O)C1=CC(Cl)=C(C=C1)C(=O)NC1=CC(C2=CC=CC=N2)=C(Cl)C=C1,2.1857186587020507
CS(=O)(=O)C1C=CC(=CC=1)C(O)C(COC(=O)CN)NC(=O)C(Cl)Cl,-0.5528419686577808
CS(=O)(=O)N(C)S(=O)(=O)NC(=O)NC1=NC(=CC(=N1)OC)OC,1.6419616985283216
CS(=O)(=O)N(CCCl)N(C(=O)NC)S(C)(=O)=O,-0.3098039199714863
CS(=O)(=O)NC1C=C2C=C(NC2=CC=1)C(=O)N1CCN(CC1)C1=NC=CC=C1NC(C)C,0.7617139967814686
CS(=O)(=O)NC1C=CC(=CC=1)C(=O)NCCN(CC)CC,0.579891798308405
CS(=O)(=O)OCCCCOS(C)(=O)=O,0.5307394585211276
CS(=O)(=O)OCCN(CCBr)C1C(=CC(=CC=1[N+]([O-])=O)[N+]([O-])=O)C(=O)NCCOP(O)(O)=O,-1.0
CS(=O)C1=CC(OC)=C(C=C1)C1NC2C=CC=NC=2N=1,-0.09691001300805639
CSC1NC2C=C(OC3=CC=CC(Cl)=C3Cl)C(Cl)=CC=2N=1,0.9030899869919435
CSCC(NC(=O)COC1=CC=CC2=CN=CC=C21)C(=O)NC(CC1C=CC=CC=1)C(O)C(=O)N1CSCC1C(=O)NC(C)(C)C,-0.3565473235138126
C[N+](C)(C)CCOC(=O)CCC(=O)OCC[N+](C)(C)C,-1.154901959985743
C[N+](C)(C)NCCC([O-])=O,0.7923916894982539
C[N+](C)(CC)C1C=C(O)C=CC=1,0.2552725051033061
C[N+](C)([O-])CCCN1C2=CC=CC=C2CCC2=CC=CC=C12,0.2552725051033061
C[N+]1(CC2CC2)CCC23C4OC5C2=C(CC1C3(O)CCC4=O)C=CC=5O,0.6505149978319906
C[N+]1(CCC2=CC(OC)=C(C=C2C1CC1=CC(OC)=C(OC)C(=C1)OC)OC)CCCOC(=O)CCC=CCCC(=O)OCCC[N+]1(C)CCC2C=C(OC)C(=CC=2C1CC1C=C(OC)C(OC)=C(C=1)OC)OC,-0.8019003264521318
C[N+]1(CCC2=CC(OC)=C(OC)C(OC)=C2C1CC1=CC(OC)=C(OC)C(=C1)OC)CCCOC(=O)CCC(=O)OCCC[N+]1(C)CCC2=CC(OC)=C(OC)C(OC)=C2C1CC1=CC(OC)=C(OC)C(=C1)OC,0.21728445201709934
C[N+]1=CC=CC=C1C=NO,0.31162464519895017
C[N+]1C=C(C=CC=1)OC(=O)N(C)CCCCCCN(C)C(=O)OC1=C[N+](C)=CC=C1,1.776701183988411
C[n]1c2c([n]c1C=CC1C=C(OC)C(=CC=1)OC)[n](CC)c(=O)[n](CC)c2=O,1.919078092376074
Cc1c(c(=O)[n](CC(NCCCC(O)=O)C2C=CC=CC=2)c(=O)[n]1CC1C(=CC=CC=1F)C(F)(F)F)C1C=CC=C(OC)C=1F,0.6989700043360189
Cc1c2c(cc(c1F)N1CCNC(C)C1)[n](cc(C(O)=O)c2=O)C1CC1,1.1066263621337453
Cc1c[n](c(=O)cc1)C1C=CC=CC=1,0.4771212547196624
ClC(Cl)Cl,0.18
ClC1(Cl)C2(Cl)C3(Cl)C4(Cl)C2(Cl)C2(Cl)C(Cl)(C3(Cl)C12Cl)C4(Cl)Cl,3.380211241711606
ClC1(Cl)C2(Cl)C3C4CC(C5OC54)C3C1(Cl)C(Cl)=C2Cl,3.3817722142657605
ClC1=C(C2C=CC=C(Cl)C=2Cl)C(Cl)=CC=C1Cl,3.61
ClC1=C(Cl)C2OC3C=C(Cl)C(Cl)=CC=3C=2C=C1Cl,3.8637137684604124
ClC1=CC(=CC(Cl)=C1)C1C=CC=CC=1,1.08
ClC1=CC(C2=CC(Cl)=CC=C2)=C(Cl)C=C1,2.14
ClC1=CC(C2C=C(Cl)C(Cl)=CC=2Cl)=C(Cl)C=C1,2.7128149143091953
ClC1=CC(C2C=C(Cl)C=CC=2Cl)=C(Cl)C=C1,1.8792166484952446
ClC1=CC(C2C=CC(Cl)=C(Cl)C=2Cl)=C(Cl)C=C1,3.23
ClC1=CC(C2C=CC(Cl)=CC=2)=C(Cl)C=C1,0.8845862664569133
ClC1=CC(Cl)=C(C2C(Cl)=CC(Cl)=CC=2Cl)C(Cl)=C1,2.5841898064263873
ClC1=CC(Cl)=C(C=C1)C1=CC(Cl)=C(Cl)C=C1,2.1058077815833762
ClC1=CC(Cl)=C(C=C1)C1=CC(Cl)=CC=C1,0.3224361778234556
ClC1=CC(Cl)=C(C=C1)C1C=CC(Cl)=CC=1Cl,3.48
ClC1=CC(Cl)=C(Cl)C=C1C1C=C(Cl)C(Cl)=C(Cl)C=1,3.334453751150931
ClC1=CC(Cl)=CC(C2C=CC=C(Cl)C=2Cl)=C1Cl,2.52462764708298
ClC1=CC2=C(OC3C=C(Cl)C(Cl)=C(Cl)C2=3)C(Cl)=C1Cl,4.94
ClC1=CC2OC3=CC(Cl)=C(Cl)C=C3C=2C=C1Cl,2.086670939279875
ClC1=CC=C(CCCOCCCN2CCCCC2)C=C1,1.301029995663981
ClC1=CC=C(Cl)C(C2C=CC=CC=2)=C1Cl,0.6130755037089618
ClC1=CC=CC=C1CN1CC2C=CSC=2CC1,2.016711877743475
ClC1C(Cl)=C(C=CC=1Cl)C1=CC(Cl)=C(Cl)C=C1,3.0183417439809768
ClC1C2OC3C(OC=2C(Cl)=C(Cl)C=1Cl)=C(Cl)C(Cl)=C(Cl)C=3Cl,4.21689707368876
ClC1C=C(C2=CC(Cl)=C(Cl)C(Cl)=C2Cl)C(Cl)=C(Cl)C=1Cl,3.334453751150931
ClC1C=C(C2C=C(Cl)C=C(Cl)C=2Cl)C(Cl)=CC=1,3.61
ClC1C=C(C=C(Cl)C=1Cl)C1=CC(Cl)=C(Cl)C(Cl)=C1,3.136086097384097
ClC1C=C(C=C(Cl)C=1Cl)C1C=C(Cl)C(Cl)=C(Cl)C=1Cl,5.39
ClC1C=C(C=CC=1)C1C=CC(Cl)=CC=1,1.39
ClC1C=C(C=CC=1)C1C=CC=CC=1,0.62
ClC1C=C(C=CC=1Cl)C1C(Cl)=CC=CC=1Cl,2.94
ClC1C=C(C=CC=1Cl)C1C=C(Cl)C(Cl)=C(Cl)C=1Cl,4.368353189875169
ClC1C=C(C=CC=1Cl)C1C=CC=C(Cl)C=1Cl,2.07
ClC1C=C(Cl)C(=CC=1)C(CN1C=NC=C1)OCC1=CC=C(Cl)C=C1Cl,1.3378891708370424
ClC1C=C(Cl)C(=CC=1Cl)C1=CC(Cl)=C(Cl)C=C1Cl,3.7871436369775906
ClC1C=C(Cl)C(=CC=1Cl)C1C=CC(Cl)=CC=1Cl,1.425557892616539
ClC1C=C(Cl)C(C2C=C(Cl)C(Cl)=CC=2Cl)=C(Cl)C=1Cl,2.217483944213906
ClC1C=C(Cl)C(Cl)=C(C2C=CC=CC=2)C=1Cl,3.01
ClC1C=C(Cl)C(Cl)=C(C=1)C1=CC(Cl)=C(Cl)C=C1,3.45
ClC1C=C(Cl)C(Cl)=C(C=1)C1C=C(Cl)C=C(Cl)C=1Cl,3.344392273685111
ClC1C=C(Cl)C(Cl)=CC=1C1C=C(Cl)C(Cl)=C(Cl)C=1Cl,4.138892339319004
ClC1C=C(Cl)C(Cl)=CC=1C1C=CC=C(Cl)C=1Cl,3.78
ClC1C=C(Cl)C=C(Cl)C=1C1C=C(Cl)C(Cl)=CC=1,3.01
ClC1C=C(Cl)C=C(Cl)C=1C1C=CC(Cl)=CC=1,3.48
ClC1C=C(Cl)C=C(Cl)C=1C1C=CC=CC=1,1.88
ClC1C=C(Cl)C=CC=1C1C=C(Cl)C=CC=1Cl,3.02
ClC1C=C(Cl)C=CC=1C1C=CC=CC=1,1.2458450793769307
ClC1C=C2C(=NC3C=CC=CC=3OC2=CC=1)N1CCNCC1,0.9015449934959718
ClC1C=C2C(OC3=C2C=C(Cl)C(Cl)=C3Cl)=C(Cl)C=1Cl,4.43
ClC1C=C2OC3=C(OC2=C(Cl)C=1Cl)C(Cl)=C(Cl)C(Cl)=C3Cl,4.447654084487986
ClC1C=C2OC3=CC(Cl)=C(Cl)C=C3OC2=CC=1Cl,3.015488068800928
ClC1C=CC(=CC=1)C1=CC(Cl)=C(Cl)C=C1,1.1540733143634805
ClC1C=CC(=CC=1)C1C=C(Cl)C(Cl)=C(Cl)C=1Cl,4.99
ClC1C=CC(=CC=1)C1C=CC(Cl)=C(Cl)C=1Cl,2.131505807866933
ClC1C=CC(=CC=1)C1C=CC=CC=1,1.1980013308625694
ClC1C=CC(=CC=1)C1C=CC=CC=1Cl,1.0427493068856017
ClC1C=CC(=CC=1Cl)C1=CC(Cl)=C(Cl)C(Cl)=C1,3.3719025266346585
ClC1C=CC(=CC=1Cl)C1=CC(Cl)=C(Cl)C=C1,1.5399923523445005
ClC1C=CC(C2=C(Cl)C(Cl)=CC=C2Cl)=C(Cl)C=1Cl,3.48
ClC1C=CC(C2C=C(Cl)C(Cl)=C(Cl)C=2)=C(Cl)C=1Cl,3.970546573269535
ClC1C=CC(C2C=C(Cl)C(Cl)=CC=2Cl)=C(Cl)C=1Cl,4.112911699236738
ClC1C=CC(C2C=CC=C(Cl)C=2Cl)=C(Cl)C=1Cl,3.25
ClC1C=CC(Cl)=CC=1C1=C(Cl)C(Cl)=CC=C1Cl,2.682867445468582
ClC1C=CC(Cl)=CC=1C1C=CC=C(Cl)C=1Cl,2.98
ClC1C=CC(Cl)=CC=1C1C=CC=CC=1,1.58
ClC1C=CC=C(C2C=CC(Cl)=CC=2Cl)C=1Cl,3.25
ClC1C=CC=C(Cl)C=1C1C(Cl)=CC=CC=1Cl,2.01
ClC1C=CC=C(Cl)C=1C1C=CC(Cl)=CC=1,2.040435960747335
ClC1C=CC=C(Cl)C=1NC1NCCN=1,1.0134708139795148
ClC1C=CC=CC=1C(C1C=CC=CC=1)(C1C=CC=CC=1)N1C=NC=C1,0.3
ClC1C=CC=CC=1C1=CC(Cl)=CC=C1,0.5132344129826085
ClC=C(Cl)Cl,1.6
ClCC(Br)CBr,0.38641952990937206
ClCCN1CC1,-0.1032607791058251
ClCCOCOCCCl,0.19646003133137113
FC(F)(Cl)Cl,0.18
FC(F)(F)C1=CC=C(CNC2=CC=C(CC3=CNC4=NC=C(Cl)C=C34)C=N2)C=N1,1.424881636631067
FC(F)(F)C1=CN=C(C=C1)OCCCOC1C(Cl)=CC(=CC=1Cl)OCC=C(Cl)Cl,1.8342073346381942
FC(F)(F)C1C=CC(Cl)=CC=1,1.305049431798585
FCOC(C(F)(F)F)C(F)(F)F,1.28
N#CC(OC1OC(COC2OC(CO)C(O)C(O)C2O)C(O)C(O)C1O)C1C=CC=CC=1,0.08990511143939793
N#CC1=CC(NC(=O)C(O)=O)=C(Cl)C(=C1)NC(=O)C(O)=O,0.9294189257142927
N#CC1=CC=C(CN2C=NC=C2CN2CC(=O)N(CC2)C2C=C(Cl)C=CC=2)C=C1,0.414973347970818
N#CC1=CC=CC=C1C1=CC(=CN(C1=O)C1C=CC=CC=1)C1=CC=CC=N1,2.141820194400183
N#CC1C(=C(F)C=C2C=1N(C=C(C(O)=O)C2=O)C1CC1)N1CC2OCCNC2C1,1.127752515832973
N#CC1C=C(F)C(=CC=1)C1CCC2=CN=CN21,0.6020599913279624
N#CC1C=CC(CC(N=NC(=O)NC2C=CC(=CC=2)OC(F)(F)F)C2C=C(C=CC=2)C(F)(F)F)=CC=1,2.4437444170707643
N#CC1C=CC2=C(CN(C(CN2CC2=CN=CN2)CC2C=CC=CC=2)S(=O)(=O)C2=CC=CS2)C=1,0.2041199826559248
N#CCC(C1CCCC1)N1C=C(C=N1)C1N=CN=C2NC=CC=12,0.4771212547196624
N#CCCN1C(=O)C(O)N=C(C2=CC(Cl)=CC=C12)C1=CC=CC=C1F,0.95
N#CCNC(=O)C1C=NC=CC=1C(F)(F)F,0.7413037404593354
N#CS,-1.014723256820707
N=C1C(Cl)C(=O)C2C=CC=CC=2C1=O,1.335358907947933
N=C1CC(=CNC1=O)C1C=CN=CC=1,0.3010299956639812
NC#N,-0.20614451749054433
NC(=N)C1=CC2C=CC(=CC=2C=C1)OC(=O)C1C=CC(=CC=1)NC(N)=N,0.2648178230095365
NC(=N)C1=CC=C(CNC(=O)C2CCN2C(=O)C(NCC(O)=O)C2CCCCC2)C=C1,0.2020599913279624
NC(=N)C1C=CC(=CC=1)OCCCCCOC1C=CC(=CC=1)C(N)=N,1.398970004336019
NC(=N)N=NC1CCC2C1=CC=CC=2C(N)=N,1.815577748324267
NC(=N)NC(=O)CC1C(Cl)=CC=CC=1Cl,1.1780456295278405
NC(=N)NC1=NC(CSCCC(=N)NS(N)(=O)=O)=CS1,0.4485790156711096
NC(=N)NCC1COC2(CCCCC2)O1,0.7841008620334975
NC(=N)NCCN1CCCCCCC1,1.56
NC(=O)C1(CCN(CCC(C#N)(C2C=CC=CC=2)C2C=CC=CC=2)CC1)N1CCCCC1,0.9015449934959718
NC(=O)C1=CC=CC2=CN(N=C21)C1C=CC(=CC=1)C1CNCCC1,1.556302500767287
NC(=O)C1=CN(CC2C(F)=CC=CC=2F)N=N1,0.9030899869919435
NC(=O)C1=CSC(=N1)C1OC(CO)C(O)C1O,0.7704260058210721
NC(=O)C1CO1,0.1318347813092843
NC(=O)C1N=CN(N=1)C1OC(CO)C(O)C1O,1.6475663343479765
NC(=O)CCC(N)C(O)=O,0.0
NC(=O)CN1CC(O)CC1=O,0.87753063169585
NC(=O)C[S+]([O-])C(C1C=CC=CC=1)C1C=CC=CC=1,1.0880456295278405
NC(=O)N1C(O)=C(C2=CC(Cl)=CC=C12)C(=O)C1=CC=CS1,1.356025857193123
NC(=O)N1C2=CC=CC=C2C(=O)CC2=CC=CC=C12,0.44945742072603195
NC(=O)N1C2=CC=CC=C2C=CC2=CC=CC=C12,0.6406696051667174
NC(=O)N1C2=CC=CC=C2CC(O)C2=CC=CC=C12,0.8005557741394876
NC(=O)N1C2C=CC=CC=2C2OC2C2C=CC=CC1=2,1.2124677555206351
NC(=O)N1CCC(CC(=O)N2CCC(CC2)C2C3=NC=C(Br)C=C3CCC3=CC(Cl)=CC(Br)=C32)CC1,0.6989700043360189
NC(=O)NC(CCC(O)=O)C(O)=O,0.7481880270062004
NC(=O)NC1CCC(CC1)CCN1CCN(CC1)C1C=CC=C(Cl)C=1Cl,2.526339277389844
NC(=O)OCC(COC(N)=O)C1C=CC=CC=1,1.3312192299578025
NC(=O)OCC1C(NC(=O)C(=NOCC(O)=O)C2=CSC(N)=N2)C(=O)N1S(O)(=O)=O,-0.1921276860725625
NC(C(=O)N1C(CC2CC12)C#N)C12CC3CC(O)(C1)CC(O)(C3)C2,0.4913616938342727
NC(C(=O)N1C2CC2CC1C#N)C12CC3(O)CC(C1)CC(C2)C3,0.6365006360318688
NC(C(O)C1C=C(O)C(O)=CC=1)C(O)=O,0.3979400086720376
NC(C1C=CC(O)=CC=1)C(=O)NC1C2SCC(CSC3=CNN=N3)=C(C(O)=O)N2C1=O,0.07918124604762482
NC(C1CC(Cl)=NO1)C(O)=O,0.3421900512281868
NC(CC1=CC(F)=C(F)C=C1F)CC(=O)N1CC2=NN=C(N2CC1)C(F)(F)F,1.0842009770699532
NC(CC1=CC(I)=C(OC2C=CC(O)=C(I)C=2)C(I)=C1)C(O)=O,1.78
NC(CC1C=C(I)C(OC2=CC(I)=C(O)C(I)=C2)=C(I)C=1)C(O)=O,2.1915622991772308
NC(CC1C=C(O)C(O)=CC=1)C(O)=O,0.15146409122837023
NC(CCC(O)=NC(CC1=CC(O)=C(O)C=C1)C(O)=O)C(O)=O,-0.3010299956639812
NC(CCCNC(N)=N)C(=O)NC(CCCNC(N)=N)C(=O)N1CCCC1C(=O)N1CC(O)CC1C(=O)NCC(=O)NC(CC1=CC=CS1)C(=O)NC(CO)C(=O)N1CC2=CC=CC=C2CC1C(=O)N1C2CCCCC2CC1C(=O)NC(CCCNC(N)=N)C(O)=O,0.146128035678238
NC(CS(=O)(=O)CCOP(=O)(N(CCCl)CCCl)N(CCCl)CCCl)C(=O)N(C(C1C=CC=CC=1)C(O)=O)C(=O)CCC(N)C(O)=O,-0.5528419686577808
NC(N)=N,0.8799999999999999
NC(N)=NC(=O)C1C=NN(C=1C1CC1)C1C=CC=C2N=CC=CC2=1,0.3010299956639812
NC(N)=NCCCNC(=O)C1CCCCN1C(=O)C(CC1CCCCC1)NCC(O)=O,0.0
NC1(CC1)C(O)=O,0.7708520116421442
NC1(CS(=O)(=O)C2C(C12)C(O)=O)C(O)=O,0.08990511143939793
NC1=C(C(C#N)=NN1C1C(Cl)=CC(=CC=1Cl)C(F)(F)F)C(F)(F)F,1.55834850876162
NC1=CC(OCC2CC2)=C(C=C1Cl)C(=O)NC1CN2CCC1CC2,1.130333768495006
NC1=CC=C(C=C1)[N+]([O-])=O,0.3
NC1=CC=C(O)C(=C1)C(O)=O,-0.2123350824946165
NC1=NC(=CS1)C(=CCC(O)=O)C(=O)NC1C2SCC=C(C(O)=O)N2C1=O,0.3010299956639812
NC1=NC(=NS1)C(=NO)C(=O)NC1C2SCC(C=C3CCN(C4CNCC4)C3=O)=C(C(O)=O)N2C1=O,0.5185139398778874
NC1=NC(=O)N(C=C1F)C1CC(O)C(CO)O1,-0.1079053973095196
NC1=NC(=O)N(C=N1)C1CC(O)C(CO)O1,-0.24805941553803135
NC1=NC(=O)N=CC1F,0.6232492903979004
NC1=NC(CC(=O)NC2C=CC(CCNCC(O)C3C=CC=CC=3)=CC=2)=CS1,1.698970004336019
NC1=NC(Cl)=NC(N)=N1,1.2491552768948
NC1=NC(Cl)=NC2=C1N=CN2C1CC(O)C(CO)O1,1.0455045808262977
NC1=NC(F)=NC2=C1N=CN2C1OC(CO)C(O)C1O,1.1712113404111029
NC1=NC(N)=C(N=N1)C1=CC=CC(Cl)=C1Cl,1.402416858309969
NC1=NC2C=CC(=CC=2S1)OC(F)(F)F,1.0795906230238126
NC1=NCC2C3=CC=CC=C3CC3=CC=CC=C3N12,1.079181246047625
NC1=N[N+]([O-])=C2C=CC=CC2=[N+]1[O-],-0.1079053973095196
NC1C(=CC=CC=1CC(O)=O)C(=O)C1C=CC(Br)=CC=1,0.41248667398540895
NC1C(CCC(OC(=O)N2CCC(CC2)[n]2c3ccc[n]c3[nH]c2=O)C2=NC=CC=C21)C1=CC=CC(F)=C1F,1.041392685158225
NC1C(Cl)=C(C=CC=1[N+]([O-])=O)OC1C=CC=CC=1,1.626091624093045
NC1C2CN(CC21)C1N=C2C(=CC=1F)C(=O)C(=CN2C1=CC=C(F)C=C1F)C(O)=O,0.4058427977573112
NC1C=C(C=CC=1)C(N)=O,0.6989700043360189
NC1C=C(Cl)C=C(Cl)C=1,0.8844669580438542
NC1C=C(O)C(=CC=1)C(O)=O,0.5118833609788743
NC1C=CC(=CC=1)S(=O)(=O)C1C=CC(N)=CC=1,1.341211340411103
NC1C=CC(=CC=1)S(=O)(=O)NC1N=CC=CN=1,0.8475490200071284
NC1C=CC=C2C=1CN(C1CCC(=O)NC1=O)C2=O,0.4785606273598312
NC1C=CN(C2COC(CO)S2)C(=O)N=1,1.28330122870355
NC1C=CN(C2OC(CO)C(O)C2O)C(=O)N=1,-0.17127812228847192
NC1C=CN(CC(CO)OCP(O)(O)=O)C(=O)N=1,0.41248667398540895
NC1C=CN=CC=1,0.6598652471651123
NC1C=NC=CC=1N,0.3324384599156053
NC1CC1C1C=CC=CC=1,0.49432854347721134
NC1CN(CC1)C1=C(Cl)C2=C(C=C1F)C(=O)C(=CN2C1CC1)C(O)=O,0.7311968799114843
NC1CONC1=O,1.079181246047625
NC1CSSCC(NC(=O)C(CC(N)=O)NC(=O)C(CCC(N)=O)NC(=O)C(CC2C=CC=CC=2)NC(=O)C(CC2=CC=C(O)C=C2)NC1=O)C(=O)N1CCCC1C(=O)NC(CCCCN)C(=O)NCC(N)=O,0.4771212547196624
NC1N=C(C=C(N)[N+]=1[O-])N1CCCCC1,0.39967027472679084
NC1N=C(N)C(=NC=1Cl)C(=O)NC(N)=N,0.87753063169585
NC1N=C(N)N=C2N=C(N)C(=NC=12)C1C=CC=CC=1,0.6317342277897933
NC1NC(=O)C2N=CN(COC(CO)CO)C=2N=1,0.5745633498713072
NC1NC(=S)C2NC=NC=2N=1,1.0786754885963985
NC1NC2=C(N=CN2CCC(CO)CO)C(=O)N=1,0.3222192947339193
NC1NC2=C(N=CN2COCCO)C(=O)N=1,0.7726432284429566
NC1NC2NC=C(CCC3C=CC(=CC=3)C(=O)NC(CCC(O)=O)C(O)=O)C=2C(=O)N=1,0.4056198863766448
NCC1=CC=CC=C1CC(=O)NC1C2SCC(CSC3=NN=NN3CC(O)=O)=C(C(O)=O)N2C1=O,0.4785606273598312
NCC1OC(OC2C(O)C(OC3OC(CO)C(O)C(N)C3O)C(N)CC2N)C(O)C(O)C1O,0.3222192947339193
NCCC1=CC(O)=C(O)C=C1,-0.9498147274412189
NCCC1=CNC=N1,-0.744727494896694
NCCCC(N)(C(F)F)C(O)=O,0.9030899869919435
NCCCCC(NC(=O)C(CC1=CC(Br)=C(O)C(Br)=C1)NC(=O)N1CCC(CC1)N1CC2=CC=CC=C2NC1=O)C(=O)N1CCN(CC1)C1C=CN=CC=1,0.3989700043360188
NCCCCC(NC(=O)C1CCCN1C(=O)C1CSSCC(NC(=O)CNC(=O)CNC(=O)CN)C(=O)NC(CC2=CC=C(O)C=C2)C(=O)NC(CC2C=CC=CC=2)C(=O)NC(CCC(N)=O)C(=O)NC(CC(N)=O)C(=O)N1)C(=O)NCC(N)=O,-0.04575749056067512
NCCCCC(NC(CCC1C=CC=CC=1)C(O)=O)C(=O)N1CCCC1C(O)=O,1.6216246451989504
NCCCCCC(O)=O,0.6900980400142569
NCCCNCCS,-0.8860566476931632
NCCCNCCSP(O)(O)=O,-0.863321796212494
NCCCNc1ccc2c(CNCCO)[n][n]3c2c1c(=O)c1c3c(O)ccc1O,1.505149978319906
NCCS,0.1760912590556812
NNC(=O)C1C=CN=CC=1,0.2235790156711096
NNC1C=C2CN(CCC2=NN=1)C(=O)C1C=CC=CC=1,0.7490940135031001
NP(O)(=O)N(CCCl)CCCl,0.1846914308175988
NS(=O)(=O)C(F)(F)C(F)(F)C(F)(F)C(F)(F)C(F)(F)C(F)(F)C(F)(F)C(F)(F)F,2.020289897093452
NS(=O)(=O)C1=CC2=C(C=C1Cl)NCNS2(=O)=O,0.8316062568876719
NS(=O)(=O)C1=CC=C(C=C1)S(=O)(=O)NC1=CC=CC2=C1NC=C2Cl,1.307496037913213
NS(=O)(=O)C1C=C(C2=NNN=N2)C(=CC=1Cl)NCC1=CC=CS1,0.008702334662391379
NS(=O)(=O)C1C=C(C=C(C=1OC1C=CC=CC=1)N1CCCC1)C(O)=O,0.11197167615341841
NS(=O)(=O)C1C=C(C=CC=1Cl)C1(O)NC(=O)C2=CC=CC=C12,1.5581512503836437
NS(=O)(=O)C1C=C2C(=CC=1C(F)(F)F)NC(CC1=CC=CC=C1)NS2(=O)=O,0.93
NS(=O)(=O)NC1N=CN=C(OCCOC2N=CC(Br)=CN=2)C=1C1C=CC(Br)=CC=1,1.681241237375587
Nc1[n]c(=O)[n](cc1F)C1CSC(CO)O1,1.0
O=C(C(C1C=CC=CC=1)C1C=CC(Cl)=CC=1)C1C(=O)C2=CC=CC=C2C1=O,2.1287372596523597
O=C(C1CC1)N1CCN(CC1)C(=O)C1=CC(Cc2[n][nH]c(=O)c3ccccc23)=CC=C1F,1.075546961392531
O=C(C1CCCCC1)N1CC2C3C=CC=CC=3CCN2C(=O)C1,0.050696342579112555
O=C(NC1=C(Cl)C=NC=C1Cl)C1C=C(OCC2CC2)C(=CC=1)OC(F)F,1.2047129343357215
O=C(NC1=CC(Cl)=C(C=C1)OC(F)(F)C(F)OC(F)(F)F)NC(=O)C1C(F)=CC=CC=1F,2.2479214426995764
O=C(NC1=CC(Cl)=C(C=C1Cl)OC(F)(F)C(F)C(F)(F)F)NC(=O)C1C(F)=CC=CC=1F,2.278125663889176
O=C(NC1=NC2=CC=C(C=C2S1)SC1=NN=C2C=CC(=NN21)C1C=CC(F)=CC=1)NCCN1CCOCC1,1.288696260590256
O=C(NC1=NNC2C=CC(CC3C=C(F)C=C(F)C=3)=CC=21)C1C=CC(=CC=1NC1CCOCC1)N1CCNCC1,1.602059991327962
O=C(NC1C=CC(F)=CC=1F)C1C=CC=NC=1OC1C=C(C=CC=1)C(F)(F)F,1.480252401269059
O=C(NC1C=CC=CC=1)N(CC1C=CC(Cl)=CC=1)C1CCCC1,1.5547574939210336
O=C(NCC(F)(F)F)C1(CCCCN2CCC(CC2)NC(=O)C2=CC=CC=C2C2C=CC(=CC=2)C(F)(F)F)C2=CC=CC=C2C2=CC=CC=C12,1.598790506763115
O=C(NCC1CCCCN1)C1C=C(C=CC=1OCC(F)(F)F)OCC(F)(F)F,1.0795906230238126
O=C(NCC1N=CC(=CC=1Cl)C(F)(F)F)C1C(Cl)=CC=CC=1Cl,1.5786199832070045
O=C1C(C2CC(CC3C=CC=CC=32)C2C=CC(=CC=2)OCC2C=CC(=CC=2)C(F)(F)F)C(=O)OC2C=CC=CC1=2,3.2882253132169215
O=C1C(C2CCCC3C=CC=CC=32)C(=O)OC2C=CC=CC1=2,1.760684530265169
O=C1C(Cl)C(CN1C1C=C(C=CC=1)C(F)(F)F)CCl,2.2322879234732262
O=C1C2=CC=CC=C2S(=O)(=O)N1CCCCNCC1CCC2=CC=CC=C2O1,0.07959062302381242
O=C1C2C(=CC=C3C=CC=CC3=2)C(=O)N1CCNCCCNCCN1C(=O)C2=CC=C3C=CC=CC3=C2C1=O,1.720985744153739
O=C1C=C(CO1)N(CC1=CN=C(Cl)C=C1)CC(F)F,0.6372721688879819
O=C1C=CC2C=CC(=CC=2N1)OCCCCN1CCN(CC1)C1C=CC=C2SC=CC=12,1.8472003626614026
O=C1C=CC2C=CC=CC=2O1,-0.09691001300805639
O=C1CCC(C(=O)N1)N1C(=O)C2=CC=CC=C2C1=O,0.1973704631956201
O=C1CCC2=CC(=CC=C2N1)OCCCCC1=NN=NN1C1CCCCC1,1.0795906230238126
O=C1CN=C(C2=CC(Cl)=CC=C2N1CC(F)(F)F)C1C=CC=CC=1,1.325310371711061
O=C1CN=C(C2=CC=CC=C2Cl)C2C=C(Cl)C=CC=2N1,2.30051499783199
O=C1CN=C(C2=CC=CC=C2F)C2C=C(Cl)C=CC=2N1,1.866287339084195
O=C1CN=C(C2=CC=CC=N2)C2C=C(Br)C=CC=2N1,1.3211096473669595
O=C1CN=C(C2C=C(Cl)C=CC=2N1)C1C=CC=CC=1,1.661378915840787
O=C1N2C=CC=CC2=NN1CCCN1CCN(CC1)C1=CC(Cl)=CC=C1,0.8616614300602279
O=C1N=C(Cl)C(Cl)C=C1Cl,0.7460524324607366
O=C1NC(=O)C(N1)(C1C=CC=CC=1)C1C=CC=CC=1,1.0133095242291499
O=C1NC2=CC=C(Cl)C=C2C(C#CC2CC2)(O1)C(F)(F)F,1.7430899869919436
O=C1NC2=CC=CC=C2N1C1CCN(CC=1)CCCC(=O)C1C=CC(F)=CC=1,0.31699096522891607
O=C1NC2=CC=CC=C2N1CCN1CCN(CC1)C1=CC(=CC=C1)C(F)(F)F,1.041392685158225
O=C1NC2=NC=CC=C2N1C1CCN(CC1)C(=O)NC1CCC(CN(CC(F)(F)F)C1=O)C1C=CC=C(F)C=1F,0.9138138523837167
O=C1NC2=NNC=C2C(=O)N1,1.176091259055681
O=C1NC2C=C(Cl)C=CC=2N1C1CCN(CCCN2C3C=CC=CC=3NC2=O)CC1,0.87753063169585
O=C1NCC2(CCN(CCC3C=CC=CC=3)CC2)O1,1.1480640178391188
O=C1NCCN1CCN1CCC(CC1)C1=CN(C2C=CC(Cl)=CC=21)C1C=CC(F)=CC=1,1.86
O=NN(CCCl)C(=O)NC1CCCCC1,0.1900000000000001
O=NN(CCCl)C(=O)NCCCl,-0.4308991379665025
O=P(OCC(Br)CBr)(OCC(Br)CBr)OCC(Br)CBr,1.830106561225007
O=P1(NCCCO1)N(CCCl)CCCl,0.28815819992807457
O=P1(NCCCl)OCCCN1CCCl,0.8195439355418687
O=S(=O)(C1=CC=CC2C=NC=CC=21)N1CCCNCC1,-0.3565473235138126
O=S(CCC1C(=O)N(C2C=CC=CC=2)N(C2C=CC=CC=2)C1=O)C1C=CC=CC=1,0.791195844749127
O=S1OCC2C(CO1)C1(Cl)C(Cl)=C(Cl)C2(Cl)C1(Cl)Cl,2.285557309007774
OC(=O)C(Br)(Br)Br,0.15707142077955513
OC(=O)C(Br)Br,-0.27084484607415454
OC(=O)C(Cl)(Cl)Br,0.6119911685150439
OC(=O)C(F)(F)C(F)(F)C(F)(F)C(F)(F)C(F)(F)C(F)(F)C(F)(F)C(F)(F)C(F)(F)C(F)(F)F,4.808659667985833
OC(=O)C(F)(F)C(F)(F)C(F)(F)C(F)(F)C(F)(F)C(F)(F)C(F)(F)C(F)(F)C(F)(F)F,3.463669345336436
OC(=O)C(F)(F)C(F)(F)C(F)(F)C(F)(F)C(F)(F)C(F)(F)C(F)(F)C(F)(F)F,3.3351685015624155
OC(=O)C(F)(F)C(F)(F)C(F)(F)C(F)(F)C(F)(F)C(F)(F)C(F)(F)F,2.687493817788155
OC(=O)C(F)(F)C(F)(F)C(F)(F)F,1.110085071253184
OC(=O)C(F)(F)C(F)OC(F)(F)C(F)(F)C(F)(F)OC(F)(F)F,1.1485208653591878
OC(=O)C(F)(F)OC(F)(F)C(F)(F)OC(F)(F)C(F)(F)F,1.1828266660454385
OC(=O)C(F)(OC(F)(F)C(F)(F)C(F)(F)F)C(F)(F)F,0.939149461147996
OC(=O)C(S)C(S)C(O)=O,1.6806206186877934
OC(=O)C1(CC(O)C(O)C(C1)OC(=O)C=CC1=CC(O)=C(O)C=C1)OC(=O)C=CC1=CC(O)=C(O)C=C1,0.1367205671564068
OC(=O)C1(CC1)C(=O)NC1C=CC(Cl)=CC=1Cl,2.3370889660642735
OC(=O)C1=C(CSC2=NN=CS2)CSC2C(NC(=O)CN3C=NN=N3)C(=O)N12,-0.1938200260161128
OC(=O)C1=C(CSC2=NN=NN2CS(O)(=O)=O)CSC2C(NC(=O)C(O)C3C=CC=CC=3)C(=O)N12,0.6787850880489682
OC(=O)C1=CC(=CC=C1)OC1C=CC=CC=1,0.1416506143517748
OC(=O)C1=CC(=CC=C1O)N=NC1C=C(C(O)=CC=1)C(O)=O,-0.04787874528033755
OC(=O)C1=CC(=CC=C1O)N=NC1C=CC(=CC=1)S(=O)(=O)NC1C=CC=CN=1,0.19570500459424933
OC(=O)C1C(=CCO)OC2CC(=O)N21,-0.02287874528033756
OC(=O)C1C=CC(=CC=1)NC(=O)NCCN1CCN=C1C1C=CN=CC=1,0.6901960800285137
OC(=O)C1C=NC=CC=1,-0.2518119729937995
OC(=O)C1CC(CN1C(=O)CP(O)(=O)CCCCC1C=CC=CC=1)C1CCCCC1,0.9988592383117554
OC(=O)C1CCN(CC1)C1=NC=C(C=C1Cl)C(=O)NC1=NC(=C(S1)N1CCN(CC1)C1CCCCC1)C1=CC(Cl)=CS1,1.278753600952829
OC(=O)C1CCN2C(=CC=C21)C(=O)C1C=CC=CC=1,0.5233584221360589
OC(=O)C1N=C(C2C=C(Cl)C=CC=2NC1=O)C1C=CC=CC=1,0.380211241711606
OC(=O)C1N=C(Cl)C=CC=1Cl,1.392696953259666
OC(=O)C1OC(OC2C=C3OC(=CC(=O)C3=C(O)C=2O)C2C=CC(O)=CC=2)C(O)C(O)C1O,0.07188200730612536
OC(=O)C=C1CN(CCC1S)C(C1=CC=CC=C1F)C(=O)C1CC1,0.8450980400142568
OC(=O)CC(F)(F)C(F)(F)C(F)(F)C(F)(F)C(F)(F)C(F)(F)C(F)(F)C(F)(F)F,0.921521507240435
OC(=O)CC(O)CC(O)C=CC1=C(C2=CC=CC=C2N=C1C1CC1)C1C=CC(F)=CC=1,0.8709695388645996
OC(=O)CC1C=CC=CC=1NC1C(Cl)=CC=CC=1Cl,0.148064017839119
OC(=O)CCC(F)(F)C(F)(F)C(F)(F)C(F)(F)C(F)(F)C(F)(F)C(F)(F)F,1.7463519380680994
OC(=O)CCC(F)(F)C(F)(F)C(F)(F)C(F)(F)C(F)(F)F,0.916877470940984
OC(=O)CCCC1C=CC(=CC=1)N(CCCl)CCCl,0.04069634257911255
OC(=O)CCCC=CCC1C(C=CC(O)COC2C=C(C=CC=2)C(F)(F)F)C(O)CC1O,-0.1249387366082999
OC(=O)CCCCC1CCSS1,-0.6777807052660807
OC(=O)CCCCCCCC(O)=O,-0.1249387366082999
OC(=O)CCCCCCNC1C2C=CC=CC=2CCC2C=CC=CC=21,-0.12
OC(=O)CCCCN(CC1C=CC(=CC=1)C(O)=O)CCC1=CC=CC=C1OCC1C=CC(CCC2C=CC=CC=2)=CC=1,-0.6020599913279624
OC(=O)CCCCON=C(C1=CC(=CC=C1)C(F)(F)F)C1=CN=CC=C1,0.877371345869774
OC(=O)CN(CCN(CC(O)=O)CC(O)=O)CCN(CC(O)=O)CC(O)=O,0.2041199826559248
OC(=O)CNCP(O)(O)=O,1.0086375950759372
OC(=O)COC1=CC(Cl)=C(Cl)C=C1Cl,0.9780627790978768
OC(=O)COC1=NC(Cl)=C(Cl)C=C1Cl,1.0678027924401718
OC(=O)COC1C=CC(Cl)=CC=1Cl,0.6236525323715982
OC(=O)COCCN1CCN(CC1)C(C1C=CC=CC=1)C1C=CC(Cl)=CC=1,0.9115449934959718
OC(=O)CSCC(O)=O,0.38167546696352805
OC(=O)P(O)(O)=O,0.6710489289678587
OC(C(=O)OC1C[N+]2(CCCOC3=CC=CC=C3)CCC1CC2)(C1=CC=CS1)C1=CC=CS1,0.8129133566428556
OC(C1=CC=CC=C1Cl)(C1C=CC(Cl)=CC=1)C1C=NC=NC=1,0.4147558167996763
OC(C1C=CC=CC=1)(C1C=CC=CC=1)C12CC[N+](CCOCC3C=CC=CC=3)(CC1)CC2,1.1600731430555271
OC(C1CCC(CC2=CC=C(C=C2)NC(=O)C2CCc3[n]ccc(=O)[n]32)N1)C1C=CC=CC=1,1.488550716500444
OC(C1CCCCN1)C1=CC(=NC2=C(C=CC=C21)C(F)(F)F)C(F)(F)F,2.7012152682227626
OC(CC(C1C(=O)OC2C=CC=CC=2C1=O)C1C=CC=CC=1)C1C=CC(=CC=1)C1=CC=C(Br)C=C1,2.4283321999567566
OC(CC1=CC(O)=C(O)C=C1)C(O)=O,-0.431798275933005
OC(CC1=CC=CC=C1Cl)(CN1NC=NC1=S)C1(Cl)CC1,1.397053607598479
OC(CCN1CCCC1)(C1CCCCC1)C1C=CC=CC=1,1.0795906230238126
OC(CCN1CCCCC1)(C1CC2CC1C=C2)C1C=CC=CC=1,1.380105620855803
OC(CCN1CCCCC1)(C1CCCCC1)C1C=CC=CC=1,0.568201724066995
OC(CN1C=NC=C1)(P(O)(O)=O)P(O)(O)=O,1.415712742033629
OC(CN1C=NC=N1)(CN1C=NC=N1)C1C=CC(F)=CC=1F,1.478560627359831
OC(CN1C=NN=N1)(C1=CC=C(F)C=C1F)C(F)(F)C1=CC=C(C=N1)C1C=CC(=CC=1)OCC(F)(F)F,3.520090328112842
OC(CNCC(O)C1CCC2C=C(F)C=CC=2O1)C1CCC2C=C(F)C=CC=2O1,1.0
OC(O)=O,0.8920946026904804
OC(O)C(Cl)(Cl)Cl,-0.22621145550876293
OC1(C2=CC=CC=C2C2=NCCN12)C1C=CC(Cl)=CC=1,1.06
OC12CCC(O)C3OC4C5=C(CC1N(CC1CCC1)CCC253)C=CC=4O,0.6335858642015069
OC1=C(CC2C(Cl)=C(Cl)C=C(Cl)C=2O)C(Cl)=C(Cl)C=C1Cl,0.21424760304411017
OC1=CC2C(CNCCC=2C(Cl)=C1O)C1C=CC(O)=CC=1,-0.720307302541309
OC1=CC2CCC3C=C(Cl)C=CC=3C(C=2N=C1)=C1CCNCC1,1.431363764158987
OC1=CC2OC3C=C(O)C=CC=3C3(OC(=O)C4=CC=CC=C34)C=2C=C1,0.2041199826559248
OC1=CC=C(O)C2=C1C(=O)C1=C(C(=CC=C1NCCNCCO)NCCNCCO)C2=O,1.7221379348003945
OC1=CN2CC3=C(C=CC(Cl)=C3Cl)NC2=N1,0.1760912590556812
OC1C=C(C(O)=CC=1)S(O)(=O)=O,0.3031960574204888
OC1C=C(C=CC=1)C1C2C=CC(N=2)=C(C2=CC=C(N2)C(C2=CC(O)=CC=C2)=C2CCC(=N2)C(=C2C=CC=1N2)C1=CC(O)=CC=C1)C1=CC(O)=CC=C1,1.961421094066448
OC1C=C(Cl)C=CC=1OC1C=CC(Cl)=CC=1Cl,-0.5932623977788828
OC1C=C(O)C=C2OC(CC(=O)C=12)C1C=CC=CC=1,-0.1549019599857432
OC1C=C(O)C=C2OC=C(C(=O)C=12)C1C=CC(O)=CC=1,0.588765901132159
OC1C=C2OC(C3C=CC(O)=CC=3)C(=O)C(=O)C2=C(O)C=1,1.153204900084284
OC1C=CC(=CC=1)C1(NC(=O)NC1=O)C1C=CC=CC=1,0.1782335527610312
OC1C=CC(=CC=1)C1C(CCC(O)C2C=CC(F)=CC=2)C(=O)N1C1C=CC(F)=CC=1,1.341211340411103
OC1C=CC(=CC=1)C1COC2C=C(O)C=CC=2C=1,-0.1739251972991736
OC1C=CC(=CC=1)OCC(O)CNCCNC(=O)N1CCOCC1,0.888245362586241
OC1C=CC(=CC=1C(O)=O)C1C=CC(F)=CC=1F,1.0
OC1C=CC(Cl)=CC=1Cl,0.9273103576274879
OC1C=CC2CC(COC=2C=1)C1C=CC(O)=CC=1,1.037426497940624
OC1C=CC=CC=1,0.54
OC1C=CC=CC=1C(O)=O,0.7781512503836436
OC1N=C(C2=CC(Cl)=CC=C2NC1=O)C1C=CC=CC=1,0.8280374013504133
OCC(O)COC1C=CC(Cl)=CC=1,0.56
OCC1=CC(=CC=C1)OC1C=CC=CC=1,0.060286965602924944
OCC1=NC=C2CN=C(C3C=C(Cl)C=CC=3N12)C1=CC=CC=C1F,0.04139268515822508
OCC=CCl,0.9348037841889325
OCCC(F)(F)C(F)(F)C(F)(F)C(F)(F)C(F)(F)C(F)(F)C(F)(F)C(F)(F)F,0.10158795749189185
OCCC(F)(F)C(F)(F)C(F)(F)C(F)(F)C(F)(F)C(F)(F)F,1.340444114840118
OCCN1CCN(CCC=C2C3C=CC=CC=3SC3C=CC(=CC=32)C(F)(F)F)CC1,1.4970130530280676
OCCN1CCN(CCC=C2C3C=CC=CC=3SC3C=CC(Cl)=CC=32)CC1,1.3
OCCN1CCN(CCCN2C3=CC=CC=C3SC3=CC=C(C=C23)C(F)(F)F)CC1,1.152374479743548
OCCOCCN1CCN(CC1)C(C1C=CC=CC=1)C1C=CC(Cl)=CC=1,1.2837419721069532
OCCOCCO,-0.4786404341577226
ONC(=O)C=CC1C=CC(CN(CCO)CCC2=CNC3C=CC=CC2=3)=CC=1,1.094471128641645
OP(=O)(OC1CCC(CC1)(C1=CC=CC=C1)C1=CC=CC=C1)OCC(CN(CC(O)=O)CCN(CC(O)=O)CC(O)=O)N(CC(O)=O)CC(O)=O,1.212187604403958
OP(=O)(OCCC(F)(F)C(F)(F)C(F)(F)C(F)(F)C(F)(F)C(F)(F)C(F)(F)C(F)(F)F)OCCC(F)(F)C(F)(F)C(F)(F)C(F)(F)C(F)(F)C(F)(F)C(F)(F)C(F)(F)F,1.910937481255202
OP(=O)(OCCC(F)(F)C(F)(F)C(F)(F)C(F)(F)C(F)(F)C(F)(F)F)OCCC(F)(F)C(F)(F)C(F)(F)C(F)(F)C(F)(F)C(F)(F)F,1.836853192591815
OP(O)(=O)C(Cl)(Cl)P(O)(O)=O,1.635483746814912
OP(O)(=O)C(F)(F)C(F)(F)C(F)(F)C(F)(F)C(F)(F)C(F)(F)C(F)(F)C(F)(F)C(F)(F)C(F)(F)F,1.8027602617187344
OP(O)(=O)C(F)(F)C(F)(F)C(F)(F)C(F)(F)C(F)(F)C(F)(F)C(F)(F)C(F)(F)F,1.2417289756368572
OP(O)(=O)C(SC1C=CC(Cl)=CC=1)P(O)(O)=O,1.5312909921140814
OP(O)(=O)CCCl,1.3890478267866326
OP(O)(=O)OC(CN1C=NC=N1)(CN1C=NC=N1)C1=CC=C(F)C=C1F,0.3211096473669597
OP(O)(=O)OCN1C(=O)NC(C2C=CC=CC=2)(C2C=CC=CC=2)C1=O,-0.6494850021680094
OS(=O)(=O)C(F)(F)C(F)(F)C(F)(F)C(F)(F)C(F)(F)C(F)(F)C(F)(F)C(F)(F)F,3.3808834986805936
OS(=O)(=O)C(F)(F)C(F)(F)C(F)(F)C(F)(F)F,1.2999210318237167
OS(=O)(=O)CCS,-0.4436974992327127
OS(=O)CNC1C=CC(=CC=1)S(=O)(=O)C1C=CC(=CC=1)NCS(O)=O,0.74
S=C1NC=NC2NC=NC=21,0.0
S=P(N1CC1)(N1CC1)N1CC1,0.4306818820794937
[O-]C(=O)C1=C(CSC2C(NC(=O)C(NC(=O)C3NC=NC=3C(O)=O)C3C=CC=CC=3)C(=O)N12)C[N+]1C=CC(CCS(O)(=O)=O)=CC=1,0.2552725051033061
[O-]C(=O)C1=C(CSC2C(NC(=O)CC3=CC=CS3)C(=O)N12)C[N+]1C=CC=CC=1,0.1760912590556812
[O-][N+](=O)C1=CC2C(=NCC(=O)NC=2C=C1)C1=CC=CC=C1Cl,1.579891798308405
[O-][N+](=O)C1=CC=C(C=NN2CCOC2=O)O1,-0.7800000000000001
[O-][N+](=O)C1=CN2CC(COC2=N1)OCC1C=CC(=CC=1)OC(F)(F)F,1.2405492482826
[O-][N+](=O)C1=NC=CN1CC(=O)NCC1C=CC=CC=1,1.113943352306837
[O-][N+](=O)C1=NC=CN1CC(O)=NCC(O)C(F)(F)F,0.5378190950732742
[O-][N+](=O)C1C=C(C=CC=1C(=O)C1C(=O)CCCC1=O)C(F)(F)F,1.732393759822969
[O-][N+](=O)C1C=C2C(=NCC(=O)NC2=CC=1)C1C=CC=CC=1,1.412486673985409
[O-][N+](=O)C1C=C2NC(=O)C(=O)N(CC(O)=O)C2=CC=1N1C=CN=C1,-0.1089526986547598
[O-][N+](=O)C1C=CC(=CC=1)C(O)C(CO)NC(=O)C(Cl)Cl,0.661378915840787
[O-][N+](=O)C1C=CC(=CC=1)C1=CC=C(C=NN2CC(=O)NC2=O)O1,0.9260504167945479
[O-][N+](=O)NC1=NCCN1CC1C=CC(Cl)=NC=1,1.0405836453843413
[O-][N+](=O)OC(CO[N+]([O-])=O)CO[N+]([O-])=O,-0.6613432181810274
[O-][N+](=O)OC1COC2C1OCC2O[N+]([O-])=O,0.11522446068913696
[O-][N+](=O)OCC(O)CO,0.3979400086720376
[O-][N+](=O)OCCNC(=O)C1=CN=CC=C1,0.5563025007672873
[O-][N+]1=NC(=NC2C=CC(Cl)=CC1=2)N1C=NC=C1,1.4894549999255409
